source_id,table_ref,crop_id,status,agreement_permille,note
sl-rfrkuf_394077458-19140001,112,112-c0-7-r0-54,rekey,931,"3 of 44 cells disagree, 8 in typography only, 8 doubted (below 950‰: re-key)"
sl-rfrkuf_394077458-19140001,112,112-c15-22-r55-61,rekey,943,"3 of 53 cells disagree, 15 in typography only, 5 doubted (below 950‰: re-key)"
sl-rfrkuf_394077458-19140001,112,112-c23-29-r55-61,diffed,1000,"0 of 47 cells disagree, 20 in typography only, 3 doubted"
sl-rfrkuf_394077458-19140001,112,112-c8-14-r0-54,rekey,794,"8 of 39 cells disagree, 9 in typography only, 9 doubted (below 950‰: re-key)"
sl-rfrkuf_394077458-19140001,112,112-cn-p1-c0-7,rekey,909,"1 of 11 cells disagree, 1 in typography only, 5 doubted (below 950‰: re-key)"
sl-rfrkuf_394077458-19140001,112,112-cn-p1-c8-14,rekey,857,"2 of 14 cells disagree, 3 in typography only, 3 doubted (below 950‰: re-key)"
sl-rfrkuf_394077458-19140001,112,112-cn-p2-c15-22,diffed,1000,"0 of 9 cells disagree, 3 in typography only, 2 doubted"
sl-rfrkuf_394077458-19140001,112,112-cn-p2-c23-29,diffed,1000,"0 of 8 cells disagree, 3 in typography only, 2 doubted"
sl-rfrkuf_394077458-19140001,12,12-c0-5-r0-40,rekey,872,"6 of 47 cells disagree, 8 in typography only, 10 doubted (below 950‰: re-key)"
sl-rfrkuf_394077458-19140001,12,12-c12-17-r48-88,diffed,1000,"0 of 47 cells disagree, 11 in typography only, 13 doubted"
sl-rfrkuf_394077458-19140001,12,12-c18-23-r48-88,diffed,1000,"0 of 47 cells disagree, 11 in typography only, 12 doubted"
sl-rfrkuf_394077458-19140001,12,12-c6-11-r0-40,diffed,957,"2 of 47 cells disagree, 8 in typography only, 11 doubted"
sl-rfrkuf_394077458-19140001,12,12-cn-p1-c0-5,rekey,812,"3 of 16 cells disagree, 0 in typography only, 11 doubted (below 950‰: re-key)"
sl-rfrkuf_394077458-19140001,12,12-cn-p1-c6-11,rekey,857,"1 of 7 cells disagree, 2 in typography only, 3 doubted (below 950‰: re-key)"
sl-rfrkuf_394077458-19140001,12,12-cn-p2-c12-17,diffed,1000,"0 of 5 cells disagree, 0 in typography only, 3 doubted"
sl-rfrkuf_394077458-19140001,12,12-cn-p2-c18-23,rekey,900,"1 of 10 cells disagree, 0 in typography only, 5 doubted (below 950‰: re-key)"
sl-rfrkuf_394077458-19140001,123,123-c0-4-r0-5,rekey,827,"5 of 29 cells disagree, 4 in typography only, 4 doubted (below 950‰: re-key)"
sl-rfrkuf_394077458-19140001,123,123-c10-14-r0-5,rekey,896,"4 of 29 cells disagree, 11 in typography only, 3 doubted (below 950‰: re-key)"
sl-rfrkuf_394077458-19140001,123,123-c15-19-r0-5,rekey,896,"3 of 29 cells disagree, 10 in typography only, 1 doubted (below 950‰: re-key)"
sl-rfrkuf_394077458-19140001,123,123-c5-9-r0-5,rekey,896,"3 of 29 cells disagree, 12 in typography only, 0 doubted (below 950‰: re-key)"
sl-rfrkuf_394077458-19140001,123,123-cn-p1-c0-4,rekey,500,"3 of 6 cells disagree, 0 in typography only, 0 doubted (below 950‰: re-key)"
sl-rfrkuf_394077458-19140001,123,123-cn-p1-c5-9,rekey,333,"2 of 3 cells disagree, 0 in typography only, 1 doubted (below 950‰: re-key)"
sl-rfrkuf_394077458-19140001,123,123-cn-p2-c10-14,diffed,1000,"0 of 4 cells disagree, 0 in typography only, 2 doubted"
sl-rfrkuf_394077458-19140001,123,123-cn-p2-c15-19,rekey,0,"2 of 2 cells disagree, 0 in typography only, 0 doubted (below 950‰: re-key)"
sl-rfrkuf_394077458-19140001,126,126-c0-7-r31-43,diffed,961,"1 of 26 cells disagree, 6 in typography only, 1 doubted"
sl-rfrkuf_394077458-19140001,126,126-c1-8-r1-29,diffed,1000,"0 of 35 cells disagree, 9 in typography only, 1 doubted"
sl-rfrkuf_394077458-19140001,126,126-c20-27-r50-92,rekey,905,"5 of 53 cells disagree, 12 in typography only, 2 doubted (below 950‰: re-key)"
sl-rfrkuf_394077458-19140001,126,126-c28-34-r50-92,diffed,957,"2 of 47 cells disagree, 13 in typography only, 1 doubted"
sl-rfrkuf_394077458-19140001,126,126-c8-15-r31-43,rekey,846,"4 of 26 cells disagree, 5 in typography only, 4 doubted (below 950‰: re-key)"
sl-rfrkuf_394077458-19140001,126,126-c9-15-r1-29,diffed,967,"1 of 31 cells disagree, 10 in typography only, 3 doubted"
sl-rfrkuf_394077458-19140001,126,126-cn-p1-c1-8,rekey,800,"2 of 10 cells disagree, 3 in typography only, 4 doubted (below 950‰: re-key)"
sl-rfrkuf_394077458-19140001,126,126-cn-p1-c9-15,rekey,444,"5 of 9 cells disagree, 0 in typography only, 3 doubted (below 950‰: re-key)"
sl-rfrkuf_394077458-19140001,126,126-cn-p3-c20-27,rekey,666,"3 of 9 cells disagree, 1 in typography only, 3 doubted (below 950‰: re-key)"
sl-rfrkuf_394077458-19140001,126,126-cn-p3-c28-34,rekey,625,"3 of 8 cells disagree, 0 in typography only, 3 doubted (below 950‰: re-key)"
sl-rfrkuf_394077458-19140001,13,13-c0-6-r0-36,diffed,981,"1 of 54 cells disagree, 14 in typography only, 15 doubted"
sl-rfrkuf_394077458-19140001,13,13-c14-20-r44-80,diffed,1000,"0 of 54 cells disagree, 15 in typography only, 16 doubted"
sl-rfrkuf_394077458-19140001,13,13-c21-26-r44-80,diffed,957,"3 of 47 cells disagree, 9 in typography only, 13 doubted"
sl-rfrkuf_394077458-19140001,13,13-c7-13-r0-36,rekey,944,"4 of 54 cells disagree, 14 in typography only, 9 doubted (below 950‰: re-key)"
sl-rfrkuf_394077458-19140001,13,13-cn-p1-c0-6,rekey,888,"1 of 9 cells disagree, 1 in typography only, 5 doubted (below 950‰: re-key)"
sl-rfrkuf_394077458-19140001,13,13-cn-p1-c7-13,rekey,538,"6 of 13 cells disagree, 1 in typography only, 5 doubted (below 950‰: re-key)"
sl-rfrkuf_394077458-19140001,13,13-cn-p2-c14-20,diffed,1000,"0 of 7 cells disagree, 1 in typography only, 5 doubted"
sl-rfrkuf_394077458-19140001,13,13-cn-p2-c21-26,rekey,769,"3 of 13 cells disagree, 0 in typography only, 7 doubted (below 950‰: re-key)"
sl-rfrkuf_394077458-19140001,23,23-c0-6-r0-26,diffed,973,"2 of 38 cells disagree, 1 in typography only, 13 doubted"
sl-rfrkuf_394077458-19140001,23,23-c13-18-r32-57,diffed,1000,"0 of 33 cells disagree, 4 in typography only, 1 doubted"
sl-rfrkuf_394077458-19140001,23,23-c19-24-r32-57,diffed,969,"5 of 33 cells disagree, 3 in typography only, 6 doubted"
sl-rfrkuf_394077458-19140001,23,23-c26-29-r64-89,diffed,1000,"0 of 23 cells disagree, 4 in typography only, 5 doubted"
sl-rfrkuf_394077458-19140001,23,23-c30-32-r64-89,rekey,888,"2 of 18 cells disagree, 2 in typography only, 7 doubted (below 950‰: re-key)"
sl-rfrkuf_394077458-19140001,23,23-c33-38-r95-123,diffed,969,"1 of 33 cells disagree, 2 in typography only, 4 doubted"
sl-rfrkuf_394077458-19140001,23,23-c39-43-r95-123,diffed,1000,"2 of 28 cells disagree, 2 in typography only, 7 doubted"
sl-rfrkuf_394077458-19140001,23,23-c44-49-r135-163,diffed,1000,"0 of 33 cells disagree, 2 in typography only, 4 doubted"
sl-rfrkuf_394077458-19140001,23,23-c50-54-r135-163,diffed,1000,"0 of 28 cells disagree, 2 in typography only, 6 doubted"
sl-rfrkuf_394077458-19140001,23,23-c55-60-r175-202,diffed,1000,"0 of 33 cells disagree, 6 in typography only, 4 doubted"
sl-rfrkuf_394077458-19140001,23,23-c7-12-r0-26,diffed,969,"1 of 33 cells disagree, 1 in typography only, 11 doubted"
sl-rfrkuf_394077458-19140001,23,23-cn-p1-c0-6,rekey,600,"4 of 10 cells disagree, 0 in typography only, 2 doubted (below 950‰: re-key)"
sl-rfrkuf_394077458-19140001,23,23-cn-p1-c7-12,rekey,833,"1 of 6 cells disagree, 0 in typography only, 3 doubted (below 950‰: re-key)"
sl-rfrkuf_394077458-19140001,23,23-cn-p2-c13-18,diffed,1000,"0 of 5 cells disagree, 0 in typography only, 2 doubted"
sl-rfrkuf_394077458-19140001,23,23-cn-p2-c19-24,rekey,500,"2 of 4 cells disagree, 0 in typography only, 0 doubted (below 950‰: re-key)"
sl-rfrkuf_394077458-19140001,23,23-cn-p3-c26-29,diffed,1000,"0 of 2 cells disagree, 0 in typography only, 1 doubted"
sl-rfrkuf_394077458-19140001,23,23-cn-p3-c30-32,diffed,1000,"0 of 3 cells disagree, 0 in typography only, 2 doubted"
sl-rfrkuf_394077458-19140001,23,23-cn-p4-c33-38,diffed,1000,"0 of 8 cells disagree, 0 in typography only, 6 doubted"
sl-rfrkuf_394077458-19140001,23,23-cn-p4-c39-43,diffed,1000,"0 of 2 cells disagree, 0 in typography only, 2 doubted"
sl-rfrkuf_394077458-19140001,23,23-cn-p5-c44-49,diffed,1000,"0 of 4 cells disagree, 0 in typography only, 4 doubted"
sl-rfrkuf_394077458-19140001,23,23-cn-p5-c50-54,diffed,1000,"0 of 4 cells disagree, 0 in typography only, 3 doubted"
sl-rfrkuf_394077458-19140001,23,23-cn-p6-c55-60,diffed,1000,"0 of 3 cells disagree, 0 in typography only, 0 doubted"
sl-rfrkuf_394077458-19140001,23,23-fn-p1,rekey,0,"1 of 1 cells disagree, 0 in typography only, 0 doubted (below 950‰: re-key)"
sl-rfrkuf_394077458-19140001,23,23-fn-p3,diffed,1000,"0 of 1 cells disagree, 0 in typography only, 1 doubted"
sl-rfrkuf_394077458-19140001,23,23-fn-p4,diffed,1000,"0 of 1 cells disagree, 0 in typography only, 1 doubted"
sl-rfrkuf_394077458-19140001,23,23-fn-p5,rekey,0,"1 of 1 cells disagree, 0 in typography only, 0 doubted (below 950‰: re-key)"
sl-rfrkuf_394077458-19140001,23,23-fn-p6,diffed,1000,"0 of 1 cells disagree, 0 in typography only, 0 doubted"
