page_seq,printed_page,content,table_refs,url,sha256,width,height,retrieved_at
3,,title,,https://digital.slub-dresden.de/data/kitodo/rfrkuf_394077458-19130002/rfrkuf_394077458-19130002_tif/jpegs/00000003.tif.original.jpg,d5a2d837671500130e34d2fc9c5dfc19a0c8e9f886f3e49b20649af0dfaa7375,1299,1842,2026-10-03T12:53:23Z
9,,notation,,https://digital.slub-dresden.de/data/kitodo/rfrkuf_394077458-19130002/rfrkuf_394077458-19130002_tif/jpegs/00000009.tif.original.jpg,723f413f5e60bd4966447530d78ed9a1cd0f9f494bf39b668cd6f45149cc1320,1299,1842,2026-10-03T20:22:02Z
58,,table,,https://digital.slub-dresden.de/data/kitodo/rfrkuf_394077458-19130002/rfrkuf_394077458-19130002_tif/jpegs/00000058.tif.original.jpg,7e86fd28da65da112424ff9ed2060254d83aff67dffbe9c86cf2e8cd8755417b,1299,1842,2026-10-03T20:22:02Z
59,,table,,https://digital.slub-dresden.de/data/kitodo/rfrkuf_394077458-19130002/rfrkuf_394077458-19130002_tif/jpegs/00000059.tif.original.jpg,086fd2f9668af61fdb802ae7eba73ed4bff107c6038e0452c086ccef3ec9e143,1299,1842,2026-10-03T20:22:03Z
60,,table,,https://digital.slub-dresden.de/data/kitodo/rfrkuf_394077458-19130002/rfrkuf_394077458-19130002_tif/jpegs/00000060.tif.original.jpg,f359ad70309e0737bbb4e9babae790f8c6cfe9f85de24986ef49a072eba63983,1299,1842,2026-10-03T20:22:04Z
61,,table,,https://digital.slub-dresden.de/data/kitodo/rfrkuf_394077458-19130002/rfrkuf_394077458-19130002_tif/jpegs/00000061.tif.original.jpg,eec0dd10905185d0e3915ae0a5e9c2511968553572b333b5d14a6f6ce715cc9c,1299,1842,2026-10-03T20:22:05Z
72,,table,,https://digital.slub-dresden.de/data/kitodo/rfrkuf_394077458-19130002/rfrkuf_394077458-19130002_tif/jpegs/00000072.tif.original.jpg,4e20b1f224549cc7409daf3faadef2862e57a7b762bb2d43d8dfca64cdd4e7fc,1299,1842,2026-10-03T20:22:06Z
73,,table,,https://digital.slub-dresden.de/data/kitodo/rfrkuf_394077458-19130002/rfrkuf_394077458-19130002_tif/jpegs/00000073.tif.original.jpg,07dabb18b5a2c50e7623d62815efbc468301ec73ba9b37c1922c2ab37b857bd7,1299,1842,2026-10-03T20:22:07Z
74,,table,,https://digital.slub-dresden.de/data/kitodo/rfrkuf_394077458-19130002/rfrkuf_394077458-19130002_tif/jpegs/00000074.tif.original.jpg,9d3f488aae9e5232606fcb6fd3c41430595d577303a5aa33e61af8b6da9bb7b4,1299,1842,2026-10-03T20:22:08Z
75,,table,,https://digital.slub-dresden.de/data/kitodo/rfrkuf_394077458-19130002/rfrkuf_394077458-19130002_tif/jpegs/00000075.tif.original.jpg,d5e028de418ec865db6b048178387fe066d4809e76a96fa427a9ded092ed9368,1299,1842,2026-10-03T20:22:09Z
176,,table,,https://digital.slub-dresden.de/data/kitodo/rfrkuf_394077458-19130002/rfrkuf_394077458-19130002_tif/jpegs/00000176.tif.original.jpg,4dcb76d391219d4f2a728bf7552f1749d72d5e96529db6b0fae68e4a2c2e50fc,1299,1842,2026-10-03T20:22:10Z
177,,table,,https://digital.slub-dresden.de/data/kitodo/rfrkuf_394077458-19130002/rfrkuf_394077458-19130002_tif/jpegs/00000177.tif.original.jpg,473288e22a804916e50fa00bc71557cf67ef18d20e78a45342a814a01e5bb747,1299,1842,2026-10-03T20:22:11Z
183,,table,,https://digital.slub-dresden.de/data/kitodo/rfrkuf_394077458-19130002/rfrkuf_394077458-19130002_tif/jpegs/00000183.tif.original.jpg,a475ba03b30ac72b05e1fcb8cdcaf50a34c07d17646cc6bdf21824411709f286,1299,1842,2026-10-03T20:22:12Z
186,,table,,https://digital.slub-dresden.de/data/kitodo/rfrkuf_394077458-19130002/rfrkuf_394077458-19130002_tif/jpegs/00000186.tif.original.jpg,9eb790b3991da4a63ed62178624e014284dbe247d39c4be0ea1c9ff74643a169,1299,1842,2026-10-03T20:22:13Z
187,,table,,https://digital.slub-dresden.de/data/kitodo/rfrkuf_394077458-19130002/rfrkuf_394077458-19130002_tif/jpegs/00000187.tif.original.jpg,55599ea1c0ef7acbcec01188ca77c3013cd5eb22bfc812b7ed9aeaa331ca5497,1299,1842,2026-10-03T20:22:14Z
