crop_id,kind,col,row,text_as_printed,marks,sure
112-cn-p1-c0-7,footnote,0,0,An Sonn- und Festtagen vom 31. Mai bis mit 30. August sowie am 2. Juni.,c:3;fn:?,x
112-cn-p1-c0-7,footnote,0,1,"Ausserdem mit I.-III. Kl. bez. II. III. Kl. ab Prag Stbhf. 5 25, 6 42, 12 00, in Kolin 7 19, 8 45, 1 55",c:2,n
112-cn-p1-c0-7,footnote,0,2,Ausserdem: ab Chotzen 6 41 in Böhmisch-Trübau 7 37 I.-III. Kl.,c:6,n
112-cn-p1-c0-7,footnote,0,3,Schlafw. Berl.-Karlsb.,c:1,y
112-cn-p1-c0-7,footnote,0,4,Ausserdem: ab Rostok * 6 42 8 20 in Prag * 7 14 8 50,c:6,n
112-cn-p1-c0-7,footnote,0,5,• Verkehrt an den Jahrmarkttagen in Raudnitz.,c:3;fn:•,n
112-cn-p1-c0-7,footnote,0,6,II. III,c:2,y
112-cn-p1-c0-7,footnote,0,7,II. III,c:3,y
112-cn-p1-c0-7,footnote,0,8,II.III,c:6,y
112-cn-p1-c0-7,footnote,0,9,• Abfahrt Prag Franz Josef Bf.,c:3;fn:•,n
112-cn-p1-c0-7,footnote,0,10,* Nur Sonn- u. Festtags.,c:6;fn:*,y
