edition_id,table_ref,mark,text_as_printed,src
FKB1914-SO,112,*@c6,* Nur Sonn- u. Festtags.,sl-rfrkuf_394077458-19140001:p182:112:112-cn-p1-c0-7:f9
FKB1914-SO,112,?@c3,An Sonn- und Festtagen vom 31. Mai bis mit 30. August sowie am 2. Juni.,sl-rfrkuf_394077458-19140001:p182:112:112-cn-p1-c0-7:f0
FKB1914-SO,112,?@c3/2,? Verkehrt an den Jahrmarkttagen in Raudnitz.,sl-rfrkuf_394077458-19140001:p182:112:112-cn-p1-c0-7:f5
FKB1914-SO,112,?@c9,? ab Prag I.-III. Kl.,sl-rfrkuf_394077458-19140001:p182:112:112-cn-p1-c8-14:f11
FKB1914-SO,112,@c1,Schlafw. Berl.-Karlsb.,sl-rfrkuf_394077458-19140001:p182:112:112-cn-p1-c0-7:f3
FKB1914-SO,112,@c11/2,Nur Werktags.,sl-rfrkuf_394077458-19140001:p182:112:112-cn-p1-c8-14:f4
FKB1914-SO,112,@c11/4,?-III. Ab,sl-rfrkuf_394077458-19140001:p182:112:112-cn-p1-c8-14:f13
FKB1914-SO,112,@c13,Schlafwagen Dresden- Wien Staatsbhf.,sl-rfrkuf_394077458-19140001:p182:112:112-cn-p1-c8-14:f1
FKB1914-SO,112,@c13/2,Speisewagen Dresd. Prag Staatsbhf,sl-rfrkuf_394077458-19140001:p182:112:112-cn-p1-c8-14:f9
FKB1914-SO,112,@c15,(Auszugsweise.),sl-rfrkuf_394077458-19140001:p183:112:112-cn-p2-c15-22:f0
FKB1914-SO,112,@c16,Speisewagen Prag Stbf.-Berlin.,sl-rfrkuf_394077458-19140001:p183:112:112-cn-p2-c15-22:f3
FKB1914-SO,112,@c18,"Ausserdem: ab Kolin 6 52, in Prag F. J. Bf. 7 52, I.-III.",sl-rfrkuf_394077458-19140001:p183:112:112-cn-p2-c15-22:f6
FKB1914-SO,112,@c2,"Ausserdem mit I.-III. Kl. bez. II. III. Kl. ab Prag Stbhf. 5 25, 6 42, 12 00, in Kolin 7 19, 8 45, 1 55",sl-rfrkuf_394077458-19140001:p182:112:112-cn-p1-c0-7:f1
FKB1914-SO,112,@c20,D-Zug Wien F. J. Bf.- Berlin Anh. Bf. Speisewag. Prag Stbf.- Dresden.,sl-rfrkuf_394077458-19140001:p183:112:112-cn-p2-c15-22:f2
FKB1914-SO,112,@c22/2,Verkehrt a. d. Jahrmarkt- tagen in Raudnitz.,sl-rfrkuf_394077458-19140001:p183:112:112-cn-p2-c15-22:f7
FKB1914-SO,112,@c22/3,I.-III. Speisewagen Karlsbad-Berlin.,sl-rfrkuf_394077458-19140001:p183:112:112-cn-p2-c15-22:f8
FKB1914-SO,112,@c23,Speisewagen Wien Nordb.- Berlin.,sl-rfrkuf_394077458-19140001:p183:112:112-cn-p2-c23-29:f0
FKB1914-SO,112,@c25/3,An Sonn- und Festtagen.,sl-rfrkuf_394077458-19140001:p183:112:112-cn-p2-c23-29:f6
FKB1914-SO,112,@c28,Schlaf- wagen Karls- bad-Berlin.,sl-rfrkuf_394077458-19140001:p183:112:112-cn-p2-c23-29:f7
FKB1914-SO,112,@c29,Ausserdem: ab Prag … 3 52 4 50 in Kralup Staatsbf. 4 56 6 01 II. u. III. Kl.,sl-rfrkuf_394077458-19140001:p183:112:112-cn-p2-c23-29:f5
FKB1914-SO,112,@c6,Ausserdem: ab Chotzen 6 41 in Böhmisch-Trübau 7 37 I.-III. Kl.,sl-rfrkuf_394077458-19140001:p182:112:112-cn-p1-c0-7:f2
FKB1914-SO,112,@c6/2,Ausserdem: ab Rostok * 6 42 8 20 in Prag * 7 14 8 50,sl-rfrkuf_394077458-19140001:p182:112:112-cn-p1-c0-7:f4
FKB1914-SO,112,@c8,Speisewagen Berlin- Prag-Wien Nordb.,sl-rfrkuf_394077458-19140001:p182:112:112-cn-p1-c8-14:f5
FKB1914-SO,112,@c8/2,D-Zug Berlin-Anh.- Wien F. J. Bhf.,sl-rfrkuf_394077458-19140001:p182:112:112-cn-p1-c8-14:f10
FKB1914-SO,112,@c9,Speisew. Berl.-Karlsb.,sl-rfrkuf_394077458-19140001:p182:112:112-cn-p1-c8-14:f0
FKB1914-SO,112,•@c3,• Abfahrt Prag Franz Josef Bf.,sl-rfrkuf_394077458-19140001:p182:112:112-cn-p1-c0-7:f10
FKB1914-SO,12,!@c18,! Über Tetschen-Schreckenstein,sl-rfrkuf_394077458-19140001:p59:12:12-cn-p2-c16-19-v2:f4
FKB1914-SO,12,!@c3,! Mit Umsteigen in Neustrelitz.,sl-rfrkuf_394077458-19140001:p58:12:12-cn-p1-c0-3-v2:f3
FKB1914-SO,12,*@c23,"* Eisenb.-Dir. Berlin, v Gr. Lichterfelde bis Röderau Eisenb.-Dir. Halle, ab Röderau Sächs. Staatsb.",sl-rfrkuf_394077458-19140001:p59:12:12-cn-p2-c20-23-v2:f4
FKB1914-SO,12,*@c8,"* Von Röderau bis Groß Lichterfelde E. D. Halle, ab Gr. Lichterfelde E. D. Berlin",sl-rfrkuf_394077458-19140001:p58:12:12-cn-p1-c8-11-v2:f1
FKB1914-SO,12,:@c18,: ab 16./9. 1 49,sl-rfrkuf_394077458-19140001:p59:12:12-cn-p2-c16-19-v2:f5
FKB1914-SO,12,:@c3,: Über Schreckenstein-Tetschen.,sl-rfrkuf_394077458-19140001:p58:12:12-cn-p1-c0-3-v2:f1
FKB1914-SO,12,@c0,Schlafw. Karlsbad-Berlin.,sl-rfrkuf_394077458-19140001:p58:12:12-cn-p1-c0-3-v2:f2
FKB1914-SO,12,@c0/2,s. a. 234,sl-rfrkuf_394077458-19140001:p58:12:12-cn-p1-c0-3-v2:f9
FKB1914-SO,12,@c12,siehe auch 234.,sl-rfrkuf_394077458-19140001:p59:12:12-cn-p2-c12-15-v2:f1
FKB1914-SO,12,@c17,Speisewagen Berlin-Prag.,sl-rfrkuf_394077458-19140001:p59:12:12-cn-p2-c16-19-v2:f1
FKB1914-SO,12,@c2,Speisewagen Tetschen-Berlin.,sl-rfrkuf_394077458-19140001:p58:12:12-cn-p1-c0-3-v2:f5
FKB1914-SO,12,@c20,Speisewagen Berlin-Tetschen.,sl-rfrkuf_394077458-19140001:p59:12:12-cn-p2-c20-23-v2:f2
FKB1914-SO,12,@c22,Schlafwagen Berlin-Karlsbad,sl-rfrkuf_394077458-19140001:p59:12:12-cn-p2-c20-23-v2:f1
FKB1914-SO,12,@c22/2,Schlafwagen Berlin-Karlsb.,sl-rfrkuf_394077458-19140001:p59:12:12-cn-p2-c20-23-v2:f5
FKB1914-SO,12,@c9,Speisewagen Wien-Berlin,sl-rfrkuf_394077458-19140001:p58:12:12-cn-p1-c8-11-v2:f2
FKB1914-SO,12,@c9/2,Speisewagen Wien-Berlin.,sl-rfrkuf_394077458-19140001:p58:12:12-cn-p1-c8-11-v2:f6
FKB1914-SO,12,§@c4,§ Über Riesa m. Umsteigen daselbst (s. Nr. 24/81). Bis Riesa I.-IV. Kl.,sl-rfrkuf_394077458-19140001:p58:12:12-cn-p1-c4-7-v2:f0
FKB1914-SO,12,°@c1,"° v. 15./6. b. 15./9. in Bergen 1 40, in Sassnitz 2 23",sl-rfrkuf_394077458-19140001:p58:12:12-cn-p1-c0-3-v2:f7
FKB1914-SO,12,°@c23,° Verkehrt erst vom 31. Mai ab.,sl-rfrkuf_394077458-19140001:p59:12:12-cn-p2-c20-23-v2:f0
FKB1914-SO,12,°°@c1,°° Ab 16. September 4 27,sl-rfrkuf_394077458-19140001:p58:12:12-cn-p1-c0-3-v2:f8
FKB1914-SO,12,†@c18,† Ab Jüterbog Zug 294.,sl-rfrkuf_394077458-19140001:p59:12:12-cn-p2-c16-19-v2:f3
FKB1914-SO,12,•@c4,• Nur am 29. u. 30./5. u. vom 15./6. bis 15./9.,sl-rfrkuf_394077458-19140001:p58:12:12-cn-p1-c4-7-v2:f3
FKB1914-SO,12,■@c12,■ Ab 16./9.: 4 20,sl-rfrkuf_394077458-19140001:p59:12:12-cn-p2-c12-15-v2:f0
FKB1914-SO,12,□@c10,"□ Nur v. 30./5.—30./6. u. v. 12./7.—30./9., v. 1./7.—11./7. ab Berlin 7 54, an Stettin 9 52",sl-rfrkuf_394077458-19140001:p58:12:12-cn-p1-c8-11-v2:f0
FKB1914-SO,12,□@c18,□ In der Nacht nach Sonn- u. Festtagen: 12 02.,sl-rfrkuf_394077458-19140001:p59:12:12-cn-p2-c16-19-v2:f2
FKB1914-SO,12,□□@c5,□□ Verkehrt erst ab 29./5.,sl-rfrkuf_394077458-19140001:p58:12:12-cn-p1-c4-7-v2:f4
FKB1914-SO,12,○@c3,○ In der Nacht nach Sonn- u. Festtagen: 12 24,sl-rfrkuf_394077458-19140001:p58:12:12-cn-p1-c0-3-v2:f0
FKB1914-SO,12,●@c10,● Nur vom 1. Juli bis 31. August.,sl-rfrkuf_394077458-19140001:p58:12:12-cn-p1-c8-11-v2:f5
FKB1914-SO,12,◗@c17,"◗ Vom 15. Juni bis 15. September ab Sassnitz 9 46, ab Bergen 10 21",sl-rfrkuf_394077458-19140001:p59:12:12-cn-p2-c16-19-v2:f0
FKB1914-SO,12,◗@c3,◗ ab Jüterbog Zug 801.,sl-rfrkuf_394077458-19140001:p58:12:12-cn-p1-c0-3-v2:f4
FKB1914-SO,123,?@c7,D Z. Berl.-Pr.-Triest (Speisew. Prag-Wien).,sl-rfrkuf_394077458-19140001:p189:123:123-cn-p1-c5-9-v2:f1
FKB1914-SO,123,@c0,D-Zug Berl.- Prag-Triest,sl-rfrkuf_394077458-19140001:p189:123:123-cn-p1-c0-4-v2:f1
FKB1914-SO,123,@c10,D-Zug Triest- Prag-Berlin,sl-rfrkuf_394077458-19140001:p189:123:123-cn-p2-c10-14-v2:f0
FKB1914-SO,123,@c13,D-Zug Wien- Prag-Berlin,sl-rfrkuf_394077458-19140001:p189:123:123-cn-p2-c10-14-v2:f1
FKB1914-SO,123,@c14,Speisewag. Wien-Prag,sl-rfrkuf_394077458-19140001:p189:123:123-cn-p2-c10-14-v2:f2
FKB1914-SO,123,@c3,Speisewag. Prag-Wien.,sl-rfrkuf_394077458-19140001:p189:123:123-cn-p1-c0-4-v2:f2
FKB1914-SO,123,@c5,D-L. Berl. Pr.-Wien,sl-rfrkuf_394077458-19140001:p189:123:123-cn-p1-c5-9-v2:f0
FKB1914-SO,123,§@c0,§ ab 1. Jun?,sl-rfrkuf_394077458-19140001:p189:123:123-cn-p1-c0-4-v2:f4
FKB1914-SO,123,°@c15,° Hält a. S. u. F. nicht.,sl-rfrkuf_394077458-19140001:p189:123:123-cn-p2-c15-19-v2:f0
FKB1914-SO,123,•@c1,• An d. Beneschauer u. Wotlcer Jahrmarktst.,sl-rfrkuf_394077458-19140001:p189:123:123-cn-p1-c0-4-v2:f0
FKB1914-SO,123,□@c16,□ Über Wschetat- Priwor-Tetschen,sl-rfrkuf_394077458-19140001:p189:123:123-cn-p2-c15-19-v2:f1
FKB1914-SO,126,!@c33,"! Abfahrt von Bodenbach 8 35. im Mai, Juni und September.",sl-rfrkuf_394077458-19140001:p193:126:126-cn-p3-c30-34-v2:f1
FKB1914-SO,126,!@c7,! über Döbeln,sl-rfrkuf_394077458-19140001:p192:126:126-cn-p1-c6-10-v2:f5
FKB1914-SO,126,*@c30,* (ab Iglau ohne I. Kl.),sl-rfrkuf_394077458-19140001:p193:126:126-cn-p3-c30-34-v2:f0
FKB1914-SO,126,*@c5,"* Nur werktags vor Sonn- u. Festtagen, II. u. III. Kl.",sl-rfrkuf_394077458-19140001:p192:126:126-cn-p1-c1-5-v2:f3
FKB1914-SO,126,:@c26,: D-Zug Wien N.W.B.-Brüx A. T. Bhf. üb. Kolin-Prag F.J.Bf. und Wien N.W.B.-Reichenberg über Nimburg.,sl-rfrkuf_394077458-19140001:p193:126:126-cn-p3-c25-29-v2:f1
FKB1914-SO,126,:@c3.c4.c5,: D-Zug Stuttgart- Furth i. W.-König- grätz über Prag F.J.B.-Wysocan.,sl-rfrkuf_394077458-19140001:p192:126:126-cn-p1-c1-5-v2:f4
FKB1914-SO,126,?@c1,? Zollrevision des nach Wien N.W. Bf. bezw. Triest aufgegebenen Gepäcks kann auf Wunsch der Reisenden in Wien bezw. Triest erfolgen.,sl-rfrkuf_394077458-19140001:p192:126:126-cn-p1-c1-5-v2:f0
FKB1914-SO,126,@c10,"Ausser- dem: ab Lissa III. Kl. 6 10, 5 16 ■, in Nimburg III. Kl. 6 35, 5 38 ■, 〃 〃 7 24, 11 55, 5 47, in Gr.-Wosek 8 19, 12 48, 6 39.",sl-rfrkuf_394077458-19140001:p192:126:126-cn-p1-c6-10-v2:f0
FKB1914-SO,126,@c15,Schlafwagen Berlin-Wien u. Leipz.-Wien,sl-rfrkuf_394077458-19140001:p192:126:126-cn-p1-c11-15-v2:f0
FKB1914-SO,126,@c2,D-Zug Reichenberg-Wien N.W.B. über Nimburg und Brüx-Aussig- Teplitzer Bhf.-Wien N.W.B. über Prag K.F.J.B.-Kolin.,sl-rfrkuf_394077458-19140001:p192:126:126-cn-p1-c1-5-v2:f1
FKB1914-SO,126,@c20,Schlafw. Wien-Berl.,sl-rfrkuf_394077458-19140001:p193:126:126-cn-p3-c20-24-v2:f1
FKB1914-SO,126,@c21,Schlafwag. Wien-Leipz.,sl-rfrkuf_394077458-19140001:p193:126:126-cn-p3-c20-24-v2:f2
FKB1914-SO,126,@c25,"Ausserdem ab Nimburg 5 47, °° 10 12, in Lissa 6 09, °° 10 29 II. III. Kl., ? über Döbeln.",sl-rfrkuf_394077458-19140001:p193:126:126-cn-p3-c25-29-v2:f0
FKB1914-SO,126,@c29,"Ausser- dem ab Gr.-Wosek 3 39, ° 8 35, in Lissa 4 27, ° 9 27 I.-III. ab Gr.-Wosek 6 05, □ 10 30, in Nimburg 6 29, □ 10 55 II. III.",sl-rfrkuf_394077458-19140001:p193:126:126-cn-p3-c25-29-v2:f3
FKB1914-SO,126,@c30,Speisewagen Wien Berlin.,sl-rfrkuf_394077458-19140001:p193:126:126-cn-p3-c30-34-v2:f5
FKB1914-SO,126,@c5,"Ausserd.: ab Nimb. 5 10, i. Gr.-Wosek 5 38, i. Kolin 5 53 n. m. Kl",sl-rfrkuf_394077458-19140001:p192:126:126-cn-p1-c1-5-v2:f2
FKB1914-SO,126,@c7,Spw. Dresd.-Wien F.J.Bf. D Zug Berl.-Wien F.J.Bf.,sl-rfrkuf_394077458-19140001:p192:126:126-cn-p1-c6-10-v2:f1
FKB1914-SO,126,@c7/2,über Wschetat. Pr. Prag F. J. Bhf.,sl-rfrkuf_394077458-19140001:p192:126:126-cn-p1-c6-10-v2:f3
FKB1914-SO,126,@c8,Nur Sonn- u. Festt.,sl-rfrkuf_394077458-19140001:p192:126:126-cn-p1-c6-10-v2:f6
FKB1914-SO,126,@c9,Speisewagen Tetschen-Wien.,sl-rfrkuf_394077458-19140001:p192:126:126-cn-p1-c6-10-v2:f2
FKB1914-SO,126,°@c13,° V. Znaim bis Wien nur II. III. Kl.,sl-rfrkuf_394077458-19140001:p192:126:126-cn-p1-c11-15-v2:f3
FKB1914-SO,126,°@c33,° An Sonn- u. Festtagen,sl-rfrkuf_394077458-19140001:p193:126:126-cn-p3-c30-34-v2:f6
FKB1914-SO,126,°°@c11.c12.c13,°° an Sonn- und Festtagen vom 14./6. b. m. 13./9.,sl-rfrkuf_394077458-19140001:p192:126:126-cn-p1-c11-15-v2:f2
FKB1914-SO,126,°°@c23,°° An S. u. F. v. 5. Juli b. 30. August.,sl-rfrkuf_394077458-19140001:p193:126:126-cn-p3-c20-24-v2:f0
FKB1914-SO,126,■@c2,■ Am Werktage vor Sonn- u. Festtagen.,sl-rfrkuf_394077458-19140001:p192:126:126-cn-p1-c1-5-v2:f5
FKB1914-SO,126,□@c10,□ An Sonn- u. F. ?. 17./5. b. m. 13./9.,sl-rfrkuf_394077458-19140001:p192:126:126-cn-p1-c6-10-v2:f4
FKB1914-SO,126,□@c33,□ An Sonn- und Festtagen vom 17. Mai b. m. 13. Sept.,sl-rfrkuf_394077458-19140001:p193:126:126-cn-p3-c30-34-v2:f4
FKB1914-SO,126,○@c27,○ Zollrevision des n. Berlin aufgegebenen Gepäcks kann a. Wunsch der Reisenden in Berlin erfolgen.,sl-rfrkuf_394077458-19140001:p193:126:126-cn-p3-c25-29-v2:f2
FKB1914-SO,126,●@c11.c12.c13,● an Leitmeritz 11 03,sl-rfrkuf_394077458-19140001:p192:126:126-cn-p1-c11-15-v2:f1
FKB1914-SO,126,●@c34,● D-Z. Josefst.-Jaroměř-Furth i. W. üb. Königg. Wysoc.-Prag F.J.B.,sl-rfrkuf_394077458-19140001:p193:126:126-cn-p3-c30-34-v2:f2
FKB1914-SO,126,✠@c33,✠ An Sonn- u. Festtagen.,sl-rfrkuf_394077458-19140001:p193:126:126-cn-p3-c30-34-v2:f3
FKB1914-SO,13,!@c13,! Berl. Anh. Bf.- Berl. Stett. Bf. m. Automobil.,sl-rfrkuf_394077458-19140001:p60:13:13-cn-p1-c7-13:f8
FKB1914-SO,13,!@c14,! Vom 1. Juli bis 31. August.,sl-rfrkuf_394077458-19140001:p61:13:13-cn-p2-c14-20:f0
FKB1914-SO,13,*@c14,"* ab Zossen bis Elsterwerda Berl.-Dresdn. Bf. E.-Dir. Halle, ab Elsterwerda Berl.-Dresdn. Bf. Sächs. Staatsb.",sl-rfrkuf_394077458-19140001:p61:13:13-cn-p2-c14-20:f1
FKB1914-SO,13,:@c8,: Mit Umsteigen in Neustrelitz.,sl-rfrkuf_394077458-19140001:p60:13:13-cn-p1-c7-13:f7
FKB1914-SO,13,?@c12,? ab 16. Septbr.: 4 27,sl-rfrkuf_394077458-19140001:p60:13:13-cn-p1-c7-13:f10
FKB1914-SO,13,?@c12/2,? Nur v. 4./7. bis 31./8.,sl-rfrkuf_394077458-19140001:p60:13:13-cn-p1-c7-13:f11
FKB1914-SO,13,?@c26,? ab 16. September 1 20.,sl-rfrkuf_394077458-19140001:p61:13:13-cn-p2-c21-26:f0
FKB1914-SO,13,@c1,Schlafwagen Wien - Berlin.,sl-rfrkuf_394077458-19140001:p60:13:13-cn-p1-c0-6:f3
FKB1914-SO,13,@c12,üb. Dresd. F. Cossebaude,sl-rfrkuf_394077458-19140001:p60:13:13-cn-p1-c7-13:f2
FKB1914-SO,13,@c13/2,Nur i. d. Nacht nach Sonn- u. Festtagen,sl-rfrkuf_394077458-19140001:p60:13:13-cn-p1-c7-13:f4
FKB1914-SO,13,@c16,Speisewagen Berlin-Wien.,sl-rfrkuf_394077458-19140001:p61:13:13-cn-p2-c14-20:f2
FKB1914-SO,13,@c17,Speisewagen Berlin - Karlsbad.,sl-rfrkuf_394077458-19140001:p61:13:13-cn-p2-c14-20:f3
FKB1914-SO,13,@c18,üb. Cosseb.- Dresd. Frdr.,sl-rfrkuf_394077458-19140001:p61:13:13-cn-p2-c14-20:f5
FKB1914-SO,13,@c21,Schlafwagen Berlin-Wien.,sl-rfrkuf_394077458-19140001:p61:13:13-cn-p2-c21-26:f5
FKB1914-SO,13,@c24,Nur a Werkt. nach Sonn- und Fest.,sl-rfrkuf_394077458-19140001:p61:13:13-cn-p2-c21-26:f9
FKB1914-SO,13,@c25/2,üb. Cosseb.- Dresd. Frdr.,sl-rfrkuf_394077458-19140001:p61:13:13-cn-p2-c21-26:f10
FKB1914-SO,13,@c26/2,üb. Cosseb.- Dresd. Frdr.,sl-rfrkuf_394077458-19140001:p61:13:13-cn-p2-c21-26:f11
FKB1914-SO,13,@c3,üb. Dresd. F. Cossebaude,sl-rfrkuf_394077458-19140001:p60:13:13-cn-p1-c0-6:f2
FKB1914-SO,13,@c4,Speisewagen Prag-Berlin.,sl-rfrkuf_394077458-19140001:p60:13:13-cn-p1-c0-6:f8
FKB1914-SO,13,@c8,üb. Dresd. F. Cossebaude,sl-rfrkuf_394077458-19140001:p60:13:13-cn-p1-c7-13:f1
FKB1914-SO,13,@c9,Speisewagen Karlsbad-Berlin.,sl-rfrkuf_394077458-19140001:p60:13:13-cn-p1-c7-13:f5
FKB1914-SO,13,°@c13,° Verk. v. 29. Mai ab.,sl-rfrkuf_394077458-19140001:p60:13:13-cn-p1-c7-13:f12
FKB1914-SO,13,°@c26,° Nur am 29. und 30. Mai und vom 15. Juni bis 15. September.,sl-rfrkuf_394077458-19140001:p61:13:13-cn-p2-c21-26:f1
FKB1914-SO,13,†@c15,† ab Wittenberg,sl-rfrkuf_394077458-19140001:p61:13:13-cn-p2-c14-20:f6
FKB1914-SO,13,†@c22,"† Vom 15. Juni bis 15. Sept. ab Sassnitz 9 46, ab Bergen 10 21",sl-rfrkuf_394077458-19140001:p61:13:13-cn-p2-c21-26:f3
FKB1914-SO,13,•@c13,• Über Schreckenstein- Tetschen.,sl-rfrkuf_394077458-19140001:p60:13:13-cn-p1-c7-13:f0
FKB1914-SO,13,■@c0,■ ab Elsterw. E.-D Halle. ab Zossen E.-D Berlin.,sl-rfrkuf_394077458-19140001:p60:13:13-cn-p1-c0-6:f0
FKB1914-SO,13,■@c3,■ Nur am 30. Mai u. 1. Juni u. v. 15. Juni bis 15. Sept.,sl-rfrkuf_394077458-19140001:p60:13:13-cn-p1-c0-6:f7
FKB1914-SO,13,□@c12,□ Zug 314 nimmt an Werkt. in Dresden-N. Reisende nach ?ade- beul nicht auf. Solchen steht Zug 1668 (s. Nr. 5) zur Verfüg.,sl-rfrkuf_394077458-19140001:p60:13:13-cn-p1-c7-13:f6
FKB1914-SO,13,□@c13,"□ Vom 15. Juni bis 15. Septbr. in Bergen 1 40, in Sassnitz 2 23",sl-rfrkuf_394077458-19140001:p60:13:13-cn-p1-c7-13:f9
FKB1914-SO,13,□@c26,□ ab 16. September 1 49,sl-rfrkuf_394077458-19140001:p61:13:13-cn-p2-c21-26:f6
FKB1914-SO,13,●@c0,● Vorortszüge Wünsdorf-Berlin siehe Nr. 15.,sl-rfrkuf_394077458-19140001:p60:13:13-cn-p1-c0-6:f1
FKB1914-SO,13,●@c25,● Vorortzüge Berlin-Wünsdorf siehe Nr. 15.,sl-rfrkuf_394077458-19140001:p61:13:13-cn-p2-c21-26:f2
FKB1914-SO,13,●@c3,● Nur am 29. u. 30. Mai u. vom 15. Juni bis 15. Septbr.,sl-rfrkuf_394077458-19140001:p60:13:13-cn-p1-c0-6:f6
FKB1914-SO,13,◗@c25,◗ Über Schreckenstein.,sl-rfrkuf_394077458-19140001:p61:13:13-cn-p2-c21-26:f4
FKB1914-SO,23,!@c11,! Ank. Wien Fr. J. Bf.,sl-rfrkuf_394077458-19140001:p74:23:23-cn-p1-c7-12:f5
FKB1914-SO,23,!@c28,! Nur I.-III. Kl.,sl-rfrkuf_394077458-19140001:p76:23:23-cn-p3-c26-29:f1
FKB1914-SO,23,*@c13,* von Liegnitz,sl-rfrkuf_394077458-19140001:p75:23:23-cn-p2-c13-18:f0
FKB1914-SO,23,:@c6,: ab Riesa,sl-rfrkuf_394077458-19140001:p74:23:23-cn-p1-c0-6:f4
FKB1914-SO,23,?@c11,? über Wschetat-Priwor Prag Fr. J. Bf.-Gmünd.,sl-rfrkuf_394077458-19140001:p74:23:23-cn-p1-c7-12:f3
FKB1914-SO,23,?@c19,? über Döbeln.,sl-rfrkuf_394077458-19140001:p75:23:23-cn-p2-c19-24:f0
FKB1914-SO,23,?@c24,? ?ur I.-III. Kl.,sl-rfrkuf_394077458-19140001:p75:23:23-cn-p2-c19-24:f3
FKB1914-SO,23,?@c3,? über Döbeln.,sl-rfrkuf_394077458-19140001:p74:23:23-cn-p1-c0-6:f2
FKB1914-SO,23,?@c5,? Nur Sonn- und Festtags.,sl-rfrkuf_394077458-19140001:p74:23:23-cn-p1-c0-6:f3
FKB1914-SO,23,@c1,Schlafw. Berlin Karlsbad,sl-rfrkuf_394077458-19140001:p74:23:23-cn-p1-c0-6:f5
FKB1914-SO,23,@c11,Nur Sonn-u. Festtags sowie am 2. Juni.,sl-rfrkuf_394077458-19140001:p74:23:23-cn-p1-c7-12:f0
FKB1914-SO,23,@c12,Speisewagen Dresden-Wien Fr. J. Bf.,sl-rfrkuf_394077458-19140001:p74:23:23-cn-p1-c7-12:f1
FKB1914-SO,23,@c15,Speise- Wagen Berl.-Boden- bach-Wien.,sl-rfrkuf_394077458-19140001:p75:23:23-cn-p2-c13-18:f1
FKB1914-SO,23,@c16,Speise- wagen Berlin- Karlsbad.,sl-rfrkuf_394077458-19140001:p75:23:23-cn-p2-c13-18:f2
FKB1914-SO,23,@c18,Nur Sonn- u. Festtags.,sl-rfrkuf_394077458-19140001:p75:23:23-cn-p2-c13-18:f3
FKB1914-SO,23,@c20,Nur Sonn- und Festtags sowie am 2. Juni.,sl-rfrkuf_394077458-19140001:p75:23:23-cn-p2-c19-24:f1
FKB1914-SO,23,@c23,Nur Sonn- und Festtags sowie am 2. Juni.,sl-rfrkuf_394077458-19140001:p75:23:23-cn-p2-c19-24:f2
FKB1914-SO,23,@c27,Speisewag. Berl.-Prag.,sl-rfrkuf_394077458-19140001:p76:23:23-cn-p3-c26-29:f0
FKB1914-SO,23,@c3,Nur Sonn- und Festtags.,sl-rfrkuf_394077458-19140001:p74:23:23-cn-p1-c0-6:f6
FKB1914-SO,23,@c30,Speisewagen Berlin-Tetschen.,sl-rfrkuf_394077458-19140001:p76:23:23-cn-p3-c30-32:f0
FKB1914-SO,23,@c31,Schlafwagen Berlin-Wien und Leipzig-Wien.,sl-rfrkuf_394077458-19140001:p76:23:23-cn-p3-c30-32:f1
FKB1914-SO,23,@c33,Schlaf- wagen Karlsbad- Berlin.,sl-rfrkuf_394077458-19140001:p77:23:23-cn-p4-c33-38:f2
FKB1914-SO,23,@c34,Schlafwagen Wien-Berlin.,sl-rfrkuf_394077458-19140001:p77:23:23-cn-p4-c33-38:f3
FKB1914-SO,23,@c36,Speisewagen Tetsch.-Berlin,sl-rfrkuf_394077458-19140001:p77:23:23-cn-p4-c33-38:f4
FKB1914-SO,23,@c36/2,Schlafwagen Wien-Leipzig.,sl-rfrkuf_394077458-19140001:p77:23:23-cn-p4-c33-38:f5
FKB1914-SO,23,@c37,in Riesa,sl-rfrkuf_394077458-19140001:p77:23:23-cn-p4-c33-38:f7
FKB1914-SO,23,@c38,Speise- wagen Prag- Berlin.,sl-rfrkuf_394077458-19140001:p77:23:23-cn-p4-c33-38:f6
FKB1914-SO,23,@c39,Nur Sonn- und Festtags.,sl-rfrkuf_394077458-19140001:p77:23:23-cn-p4-c39-43:f0
FKB1914-SO,23,@c44,Nur Sonn- und Festtags.,sl-rfrkuf_394077458-19140001:p78:23:23-cn-p5-c44-49:f0
FKB1914-SO,23,@c46,Speise- wagen Wien Fr.J.B.- Dresden.,sl-rfrkuf_394077458-19140001:p78:23:23-cn-p5-c44-49:f1
FKB1914-SO,23,@c47,Speise- wagen Karlsbad- Berlin.,sl-rfrkuf_394077458-19140001:p78:23:23-cn-p5-c44-49:f2
FKB1914-SO,23,@c49,in Riesa.,sl-rfrkuf_394077458-19140001:p78:23:23-cn-p5-c44-49:f3
FKB1914-SO,23,@c50,Speisew. Wien- Bodenbach-Berlin,sl-rfrkuf_394077458-19140001:p78:23:23-cn-p5-c50-54:f1
FKB1914-SO,23,@c52,Nur Sonn- und Festtags sowie am 2. Juni.,sl-rfrkuf_394077458-19140001:p78:23:23-cn-p5-c50-54:f2
FKB1914-SO,23,@c56,Nur Sonn- u. Fest- tags sowie am 2./6.,sl-rfrkuf_394077458-19140001:p79:23:23-cn-p6-c55-60:f0
FKB1914-SO,23,@c58,Nur Sonn- und Festtags.,sl-rfrkuf_394077458-19140001:p79:23:23-cn-p6-c55-60:f1
FKB1914-SO,23,@c59,Nur Sonn- und Festtags vom 31. Mai bis mit 30. Aug.,sl-rfrkuf_394077458-19140001:p79:23:23-cn-p6-c55-60:f2
FKB1914-SO,23,@c7,Nur Sonn- und Festtags sowie am 2. Juni.,sl-rfrkuf_394077458-19140001:p74:23:23-cn-p1-c7-12:f4
FKB1914-SO,23,@c9,Nur Sonn- und Festtags.,sl-rfrkuf_394077458-19140001:p74:23:23-cn-p1-c7-12:f2
FKB1914-SO,23,§@c37,§ Über Schreckenstein. Nur vom 16./5. bis 31./8.,sl-rfrkuf_394077458-19140001:p77:23:23-cn-p4-c33-38:f1
FKB1914-SO,23,†@c3.c4.c5,† bis Caslau (Ank. 1 34),sl-rfrkuf_394077458-19140001:p74:23:23-cn-p1-c0-6:f8
FKB1914-SO,23,•@c6,• Nur am Werkt. nach Sonn- u. Festt.,sl-rfrkuf_394077458-19140001:p74:23:23-cn-p1-c0-6:f0
FKB1914-SO,23,•@p1,• Nur Sonn- und Festtags vom 31. Mai bis mit 30. August und am 2. Juni.,sl-rfrkuf_394077458-19140001:p74:23:23-fn-p1:f0
FKB1914-SO,23,•@p6,• Zug 456 führt die IV. Wagenklasse nur ab Bodenbach und nur an Werktagen.,sl-rfrkuf_394077458-19140001:p79:23:23-fn-p6:f0
FKB1914-SO,23,■@c40,■ über Döbeln.,sl-rfrkuf_394077458-19140001:p77:23:23-cn-p4-c39-43:f1
FKB1914-SO,23,■@c53,■ Über Döbeln.,sl-rfrkuf_394077458-19140001:p78:23:23-cn-p5-c50-54:f3
FKB1914-SO,23,□@c14,□ In Bodenbach und Tetschen Zollabfertigung.,sl-rfrkuf_394077458-19140001:p75:23:23-cn-p2-c13-18:f4
FKB1914-SO,23,□@c37.c38.c39,□ In Tetschen u. Bodenbach Zoll- abfertigung.,sl-rfrkuf_394077458-19140001:p77:23:23-cn-p4-c33-38:f0
FKB1914-SO,23,□@c4.c5,□ In Bodenbach und Tetschen Zollabfertigung.,sl-rfrkuf_394077458-19140001:p74:23:23-cn-p1-c0-6:f7
FKB1914-SO,23,□@c54,□ In Tetschen und Bodenbach Zollabfertigung,sl-rfrkuf_394077458-19140001:p78:23:23-cn-p5-c50-54:f0
FKB1914-SO,23,▯@p5,▯ In Elsterwerda.,sl-rfrkuf_394077458-19140001:p78:23:23-fn-p5:f0
FKB1914-SO,23,◗@c2,◗ Sonn- u. Fest- tags nur I.-III. Kl.,sl-rfrkuf_394077458-19140001:p74:23:23-cn-p1-c0-6:f1
FKB1914-SO,23,◗@p3,"◗ Zollabfertigung des nach Wien Nordwestbf. aufgegebenen Gepäcks kann auf Wunsch der Reisenden statt in Tetschen nach Ankunft des Zuges in Wien stattfinden. — Bei allen Zügen mit Anschluss in Tetschen Nordwestbf. nach Triest kann Zollabfertigung des nach Triest aufgegebenen Gepäcks, wenn Antrag auf Aufgabestation gestellt wird oder wenn die Rei- senden zur Zollabfertigung in Tetschen nicht erscheinen, statt in Tetschen Nordwestbf. in Triest Stbf. stattfinden.",sl-rfrkuf_394077458-19140001:p76:23:23-fn-p3:f0
FKB1914-SO,23,✠@c32,✠ Zollabfertigung des Handgepäcks erfolgt zwischen Schandau und Tetschen.,sl-rfrkuf_394077458-19140001:p76:23:23-cn-p3-c30-32:f2
FKB1914-SO,23,✠@p4,✠ Bei Zug D 67 kann d. Zollrevis. des nach Berlin Anh. Bf. aufgegebenen Gepäcks auf Wunsch d. Reisend. statt in Tetschen nach Ank. d. Z. D. 67 in Berlin stattfind.,sl-rfrkuf_394077458-19140001:p77:23:23-fn-p4:f0
