source_id,page_seq,printed_page,content,table_refs,sha256
sl-rfrkuf_394077458-19140001,3,,title,,db982b86a41d92505f9d325103bff1078ccd7d7c674e7d2ce474a4d4af87fb54
sl-rfrkuf_394077458-19140001,9,5,notation,,4373e58d6a44142d8100225f164c3f43e6485da1c8be7cc642de541fa8f2bf97
sl-rfrkuf_394077458-19140001,58,54,table,12,ef1f20e8e9f49f025b19e54aab1afca2b9846d56c9e7323419c8fb830ea54c54
sl-rfrkuf_394077458-19140001,59,55,table,12,cae95a7c4dedaddf05d24c77f1c249d6657d08165fe277890490186c0604ef4f
sl-rfrkuf_394077458-19140001,60,56,table,13;13a,15f4f7a3f0b950a6ac6ae79d72fa7a14a01ad77340b51fdc6cc83e5b1178d3f9
sl-rfrkuf_394077458-19140001,61,57,table,13;13a,cf4535e8d4f202f5f9187ef7ea2a323f49615589853730b157481014e237b69a
sl-rfrkuf_394077458-19140001,74,70,table,23,22d91013aff479d3d6c28c931364d20b7257d89222bf2f2cc07319fbbe5ddf64
sl-rfrkuf_394077458-19140001,75,71,table,23,2d410cff688e186367bf3505be3362c0f8aaa86602fb6bb84a30f645d4f8a507
sl-rfrkuf_394077458-19140001,76,72,table,23,cf550e0df7d45540c00c6c2ba2837e4d7b1193e05ae66ea2c1354c4eba6783b8
sl-rfrkuf_394077458-19140001,77,73,table,23,ad8b3915a6263e56b8ccca23cb594f425839fc49f0bb15639a4def91956d2dff
sl-rfrkuf_394077458-19140001,78,74,table,23,e78dce9ef30366b8094930ee9d8e42e74aff0a551c2142dc58b8b9da01ae7caf
sl-rfrkuf_394077458-19140001,79,75,table,23,57359c9bb9f699fb717f4c2184509ebdcbd864a41fd895abdc65152b59e26495
sl-rfrkuf_394077458-19140001,182,178,table,112,4b936bf43cd7b9f4a143998be4aa78674bf3a692cdcec62457ff4f8f3e4ea14d
sl-rfrkuf_394077458-19140001,183,179,table,112,652c06036fbf3ea9d326f6876d43142c1255dba3fb8d84d516585f185e663e37
sl-rfrkuf_394077458-19140001,189,185,table,123;124,d882d82728c915804c7c7b917cdd86cb165c310f9be95087ccebca1f27ead525
sl-rfrkuf_394077458-19140001,192,188,table,126;127,a36a0fa82e660e1a904eb40f1e88ec149fe14fff70d1a7f137c41b5900e36828
sl-rfrkuf_394077458-19140001,193,189,table,126;128,4bbf306b26d3e6d5145380f0509c1983fa680c14e90686057a72ad3bfc7c4c8c
