edition_id,table_ref,mark,rule_dsl,interpreted_by,reviewed_by
FKB1914-SO,112,@c11/2,"except-dow:Su;except:1914-05-21,1914-06-01",D2 normaliser agent (proposal); Austrian holidays to be confirmed,
FKB1914-SO,112,@c11/4,none,D2 normaliser agent (proposal); an illegible class line,
FKB1914-SO,112,@c25/3,"dow:Su;also:1914-05-21,1914-06-01",D2 normaliser agent (proposal; p5: Sunday trains also run 21 May and 1 June); Austrian holidays to be confirmed,
FKB1914-SO,112,•@c3,none,D2 normaliser agent (proposal); the onward train leaves Prague from the Franz-Josef station,
FKB1914-SO,12,?@c1,none,"D2 normaliser agent (proposal); a time from 16 Sept, not a running day",
FKB1914-SO,12,?@c5,from:1914-05-29;daily,D2 normaliser agent (proposal),
FKB1914-SO,12,@c0,none,D2 normaliser agent (proposal),
FKB1914-SO,12,°@c1,none,D2 normaliser agent (proposal); Rügen connection times,
FKB1914-SO,12,■@c12,none,"D2 normaliser agent (proposal); a time from 16 Sept, not a running day",
FKB1914-SO,12,◗@c17,none,D2 normaliser agent (proposal); Rügen connection times,
FKB1914-SO,123,§@c0,from:1914-06-01;daily,D2 normaliser agent (proposal),
FKB1914-SO,123,°@c15,none,"D2 normaliser agent (proposal); a stop skipped on Sundays and holidays, not a running day",
FKB1914-SO,126,!@c33,none,"D2 normaliser agent (proposal); a Bodenbach time in May, June and September, not a running day",
FKB1914-SO,126,*@c30,none,D2 normaliser agent (proposal); classes on a section,
FKB1914-SO,126,?@c11.c12.c13,dow:Su;dates:1914-06-14..1914-09-13,"D2 normaliser agent (proposal); printed across c11-c13, may concern one part train only",
FKB1914-SO,126,@c8,"dow:Su;also:1914-05-21,1914-06-01",D2 normaliser agent (proposal; p5: Sunday trains also run 21 May and 1 June); Austrian holidays to be confirmed,
FKB1914-SO,126,°@c13,none,D2 normaliser agent (proposal); classes on a section,
FKB1914-SO,126,●@c11.c12.c13,none,D2 normaliser agent (proposal); a connection time at Leitmeritz,
FKB1914-SO,13,!@c14,dates:1914-07-01..1914-08-31,D2 normaliser agent (proposal),
FKB1914-SO,13,†@c22,none,D2 normaliser agent (proposal); Rügen connection times,
FKB1914-SO,23,!@c28,none,D2 normaliser agent (proposal); classes at one stop,
FKB1914-SO,23,?@c5,"dow:Su;also:1914-05-21,1914-06-01",D2 normaliser agent (proposal; p5: Sunday trains also run 21 May and 1 June),
FKB1914-SO,23,@c3,"dow:Su;also:1914-05-21,1914-06-01",D2 normaliser agent (proposal; p5: Sunday trains also run 21 May and 1 June),
FKB1914-SO,23,@c58,"dow:Su;also:1914-05-21,1914-06-01",D2 normaliser agent (proposal; p5: Sunday trains also run 21 May and 1 June),
FKB1914-SO,23,@c7,"dow:Su;also:1914-05-21,1914-06-01,1914-06-02",D2 normaliser agent (proposal; p5: Sunday trains also run 21 May and 1 June),
FKB1914-SO,23,@c9,"dow:Su;also:1914-05-21,1914-06-01",D2 normaliser agent (proposal; p5: Sunday trains also run 21 May and 1 June),
FKB1914-SO,23,†@c3.c4.c5,none,D2 normaliser agent (proposal); through carriage to Caslau,
FKB1914-SO,23,•@p6,none,D2 normaliser agent (proposal); fourth class only from Bodenbach and on weekdays,
FKB1914-SO,23,◗@c2,none,"D2 normaliser agent (proposal); classes on Sundays, not running days",
FKB1914-SO,112,?@c9,none,D2 normaliser agent (proposal); classes from Prague,
