service_id,edition_id,table_ref,train_key,train_no_as_printed,name,operator,mode,classes,sleeper,running_as_printed,running_rule,segment_ids,src,category
FKB1914-SO.112.c0,FKB1914-SO,112,AT-T112-c0,,,K. k. Direktion für die Linien der Staatseisenbahn-Gesellschaft,rail,1,n,,daily,S-BOD-PRG;S-PRG-WIE-STEG,sl-rfrkuf_394077458-19140001:p182:112:112-c0-7-r0-54:h0c0,
FKB1914-SO.112.c1.r53,FKB1914-SO,112,AT-T112-c1,,,K. k. Direktion für die Linien der Staatseisenbahn-Gesellschaft,rail,1;2,y,,daily,S-BOD-PRG;S-PRG-WIE-STEG,sl-rfrkuf_394077458-19140001:p182:112:112-c0-7-r0-54:h0c1,Schnellzug
FKB1914-SO.112.c1.r54,FKB1914-SO,112,AT-T112-c1,,,K. k. Direktion für die Linien der Staatseisenbahn-Gesellschaft,rail,1;2,y,,daily,S-BOD-PRG;S-PRG-WIE-STEG,sl-rfrkuf_394077458-19140001:p182:112:112-c0-7-r0-54:h0c1,
FKB1914-SO.112.c10.r53,FKB1914-SO,112,AT-T112-c10,,,K. k. Direktion für die Linien der Staatseisenbahn-Gesellschaft,rail,1;3,n,,daily,S-BOD-PRG;S-PRG-WIE-STEG,sl-rfrkuf_394077458-19140001:p182:112:112-c8-14-r0-54:h0c10,
FKB1914-SO.112.c10.r54,FKB1914-SO,112,AT-T112-c10,,,K. k. Direktion für die Linien der Staatseisenbahn-Gesellschaft,rail,1;3,n,,daily,S-BOD-PRG;S-PRG-WIE-STEG,sl-rfrkuf_394077458-19140001:p182:112:112-c8-14-r0-54:h0c10,
FKB1914-SO.112.c11.r53,FKB1914-SO,112,AT-T112-c11,,,K. k. Direktion für die Linien der Staatseisenbahn-Gesellschaft,rail,2;3,n,@c11/2;@c11/4,"except-dow:Su;except:1914-05-21,1914-06-01",S-BOD-PRG;S-PRG-WIE-STEG,sl-rfrkuf_394077458-19140001:p182:112:112-c8-14-r0-54:h0c11,
FKB1914-SO.112.c11.r54,FKB1914-SO,112,AT-T112-c11,,,K. k. Direktion für die Linien der Staatseisenbahn-Gesellschaft,rail,2;3,n,@c11/2;@c11/4,"except-dow:Su;except:1914-05-21,1914-06-01",S-BOD-PRG;S-PRG-WIE-STEG,sl-rfrkuf_394077458-19140001:p182:112:112-c8-14-r0-54:h0c11,
FKB1914-SO.112.c12,FKB1914-SO,112,AT-T112-c12,,,K. k. Direktion für die Linien der Staatseisenbahn-Gesellschaft,rail,1;2;3,n,,daily,S-BOD-PRG;S-PRG-WIE-STEG,sl-rfrkuf_394077458-19140001:p182:112:112-c8-14-r0-54:h0c12,
FKB1914-SO.112.c13.r53,FKB1914-SO,112,AT-T112-c13,,,K. k. Direktion für die Linien der Staatseisenbahn-Gesellschaft,rail,1;2;3,y,,daily,S-BOD-PRG;S-PRG-WIE-STEG,sl-rfrkuf_394077458-19140001:p182:112:112-c8-14-r0-54:h0c13,
FKB1914-SO.112.c13.r54,FKB1914-SO,112,AT-T112-c13,,,K. k. Direktion für die Linien der Staatseisenbahn-Gesellschaft,rail,1;2;3,y,,daily,S-BOD-PRG;S-PRG-WIE-STEG,sl-rfrkuf_394077458-19140001:p182:112:112-c8-14-r0-54:h0c13,Schnellzug
FKB1914-SO.112.c14,FKB1914-SO,112,AT-T112-c14,,,K. k. Direktion für die Linien der Staatseisenbahn-Gesellschaft,rail,2;3,n,,daily,S-BOD-PRG;S-PRG-WIE-STEG,sl-rfrkuf_394077458-19140001:p182:112:112-c8-14-r0-54:h0c14,
FKB1914-SO.112.c15,FKB1914-SO,112,AT-T112-c15,,,K. k. Direktion für die Linien der Staatseisenbahn-Gesellschaft,rail,2;3,n,,daily,S-BOD-PRG;S-PRG-WIE-STEG,sl-rfrkuf_394077458-19140001:p183:112:112-c15-22-r55-61:h0c15,
FKB1914-SO.112.c16.r55,FKB1914-SO,112,AT-T112-c16,,,K. k. Direktion für die Linien der Staatseisenbahn-Gesellschaft,rail,1;2;3,n,,daily,S-BOD-PRG;S-PRG-WIE-STEG,sl-rfrkuf_394077458-19140001:p183:112:112-c15-22-r55-61:h0c16,Schnellzug
FKB1914-SO.112.c16.r56,FKB1914-SO,112,AT-T112-c16,,,K. k. Direktion für die Linien der Staatseisenbahn-Gesellschaft,rail,1;2;3,n,,daily,S-BOD-PRG;S-PRG-WIE-STEG,sl-rfrkuf_394077458-19140001:p183:112:112-c15-22-r55-61:h0c16,Schnellzug
FKB1914-SO.112.c17.r55,FKB1914-SO,112,AT-T112-c17,,,K. k. Direktion für die Linien der Staatseisenbahn-Gesellschaft,rail,1;2;3,n,,daily,S-BOD-PRG;S-PRG-WIE-STEG,sl-rfrkuf_394077458-19140001:p183:112:112-c15-22-r55-61:h0c17,
FKB1914-SO.112.c17.r56,FKB1914-SO,112,AT-T112-c17,,,K. k. Direktion für die Linien der Staatseisenbahn-Gesellschaft,rail,1;2;3,n,,daily,S-BOD-PRG;S-PRG-WIE-STEG,sl-rfrkuf_394077458-19140001:p183:112:112-c15-22-r55-61:h0c17,
FKB1914-SO.112.c2,FKB1914-SO,112,AT-T112-c2,,,K. k. Direktion für die Linien der Staatseisenbahn-Gesellschaft,rail,2;3,n,,daily,S-BOD-PRG;S-PRG-WIE-STEG,sl-rfrkuf_394077458-19140001:p182:112:112-c0-7-r0-54:h0c2,
FKB1914-SO.112.c20,FKB1914-SO,112,AT-T112-c20,,,K. k. Direktion für die Linien der Staatseisenbahn-Gesellschaft,rail,1;2;3,n,,daily,S-BOD-PRG;S-PRG-WIE-STEG,sl-rfrkuf_394077458-19140001:p183:112:112-c15-22-r55-61:h0c20,D-Zug
FKB1914-SO.112.c23.r55,FKB1914-SO,112,AT-T112-c23,,,K. k. Direktion für die Linien der Staatseisenbahn-Gesellschaft,rail,1;2;3,n,,daily,S-BOD-PRG;S-PRG-WIE-STEG,sl-rfrkuf_394077458-19140001:p183:112:112-c23-29-r55-61:h0c23,
FKB1914-SO.112.c23.r56,FKB1914-SO,112,AT-T112-c23,,,K. k. Direktion für die Linien der Staatseisenbahn-Gesellschaft,rail,1;2;3,n,,daily,S-BOD-PRG;S-PRG-WIE-STEG,sl-rfrkuf_394077458-19140001:p183:112:112-c23-29-r55-61:h0c23,Schnellzug
FKB1914-SO.112.c24,FKB1914-SO,112,AT-T112-c24,,,K. k. Direktion für die Linien der Staatseisenbahn-Gesellschaft,rail,2;3,n,,daily,S-BOD-PRG;S-PRG-WIE-STEG,sl-rfrkuf_394077458-19140001:p183:112:112-c23-29-r55-61:h0c24,
FKB1914-SO.112.c25.r55,FKB1914-SO,112,AT-T112-c25,,,K. k. Direktion für die Linien der Staatseisenbahn-Gesellschaft,rail,1;2;3,n,@c25/3,"dow:Su;also:1914-05-21,1914-06-01",S-BOD-PRG;S-PRG-WIE-STEG,sl-rfrkuf_394077458-19140001:p183:112:112-c23-29-r55-61:h0c25,
FKB1914-SO.112.c25.r56,FKB1914-SO,112,AT-T112-c25,,,K. k. Direktion für die Linien der Staatseisenbahn-Gesellschaft,rail,1;2;3,n,@c25/3,"dow:Su;also:1914-05-21,1914-06-01",S-BOD-PRG;S-PRG-WIE-STEG,sl-rfrkuf_394077458-19140001:p183:112:112-c23-29-r55-61:h0c25,
FKB1914-SO.112.c26,FKB1914-SO,112,AT-T112-c26,,,K. k. Direktion für die Linien der Staatseisenbahn-Gesellschaft,rail,2;3,n,,daily,S-BOD-PRG;S-PRG-WIE-STEG,sl-rfrkuf_394077458-19140001:p183:112:112-c23-29-r55-61:h0c26,
FKB1914-SO.112.c27,FKB1914-SO,112,AT-T112-c27,,,K. k. Direktion für die Linien der Staatseisenbahn-Gesellschaft,rail,1;2;3,n,,daily,S-BOD-PRG;S-PRG-WIE-STEG,sl-rfrkuf_394077458-19140001:p183:112:112-c23-29-r55-61:h0c27,
FKB1914-SO.112.c28.r55,FKB1914-SO,112,AT-T112-c28,,,K. k. Direktion für die Linien der Staatseisenbahn-Gesellschaft,rail,1;2;3,y,,daily,S-BOD-PRG;S-PRG-WIE-STEG,sl-rfrkuf_394077458-19140001:p183:112:112-c23-29-r55-61:h0c28,
FKB1914-SO.112.c28.r56,FKB1914-SO,112,AT-T112-c28,,,K. k. Direktion für die Linien der Staatseisenbahn-Gesellschaft,rail,1;2;3,y,,daily,S-BOD-PRG;S-PRG-WIE-STEG,sl-rfrkuf_394077458-19140001:p183:112:112-c23-29-r55-61:h0c28,
FKB1914-SO.112.c29,FKB1914-SO,112,AT-T112-c29,,,K. k. Direktion für die Linien der Staatseisenbahn-Gesellschaft,rail,2;3,n,,daily,S-BOD-PRG;S-PRG-WIE-STEG,sl-rfrkuf_394077458-19140001:p183:112:112-c23-29-r55-61:h0c29,
FKB1914-SO.112.c4.r53,FKB1914-SO,112,AT-T112-c4,,,K. k. Direktion für die Linien der Staatseisenbahn-Gesellschaft,rail,1;2,n,,daily,S-BOD-PRG;S-PRG-WIE-STEG,sl-rfrkuf_394077458-19140001:p182:112:112-c0-7-r0-54:h0c4,
FKB1914-SO.112.c4.r54,FKB1914-SO,112,AT-T112-c4,,,K. k. Direktion für die Linien der Staatseisenbahn-Gesellschaft,rail,1;2,n,,daily,S-BOD-PRG;S-PRG-WIE-STEG,sl-rfrkuf_394077458-19140001:p182:112:112-c0-7-r0-54:h0c4,
FKB1914-SO.112.c5,FKB1914-SO,112,AT-T112-c5,,,K. k. Direktion für die Linien der Staatseisenbahn-Gesellschaft,rail,1;2;3,n,,daily,S-BOD-PRG;S-PRG-WIE-STEG,sl-rfrkuf_394077458-19140001:p182:112:112-c0-7-r0-54:h0c5,Schnellzug
FKB1914-SO.112.c7.r53,FKB1914-SO,112,AT-T112-c7,,,K. k. Direktion für die Linien der Staatseisenbahn-Gesellschaft,rail,1;3,n,,daily,S-BOD-PRG;S-PRG-WIE-STEG,sl-rfrkuf_394077458-19140001:p182:112:112-c0-7-r0-54:h0c7,
FKB1914-SO.112.c7.r54,FKB1914-SO,112,AT-T112-c7,,,K. k. Direktion für die Linien der Staatseisenbahn-Gesellschaft,rail,1;3,n,,daily,S-BOD-PRG;S-PRG-WIE-STEG,sl-rfrkuf_394077458-19140001:p182:112:112-c0-7-r0-54:h0c7,
FKB1914-SO.112.c8,FKB1914-SO,112,AT-T112-c8,,,K. k. Direktion für die Linien der Staatseisenbahn-Gesellschaft,rail,1;3,n,,daily,S-BOD-PRG;S-PRG-WIE-STEG,sl-rfrkuf_394077458-19140001:p182:112:112-c8-14-r0-54:h0c8,D-Zug
FKB1914-SO.112.c9.r53,FKB1914-SO,112,AT-T112-c9,,,K. k. Direktion für die Linien der Staatseisenbahn-Gesellschaft,rail,1;3,n,?@c9;•@c3,daily,S-BOD-PRG;S-PRG-WIE-STEG,sl-rfrkuf_394077458-19140001:p182:112:112-c8-14-r0-54:h0c9,
FKB1914-SO.112.c9.r54,FKB1914-SO,112,AT-T112-c9,,,K. k. Direktion für die Linien der Staatseisenbahn-Gesellschaft,rail,1;3,n,?@c9;•@c3,daily,S-BOD-PRG;S-PRG-WIE-STEG,sl-rfrkuf_394077458-19140001:p182:112:112-c8-14-r0-54:h0c9,
FKB1914-SO.12.c0,FKB1914-SO,12,DE-281,281,,Kgl. Sächs. Staatseisenbahnen (Dresden – Röderau); Kgl. Preuß. Staatseisenbahnen (Röderau – Berlin),rail,1;2;3,n,@c0,daily,S-DRE-BER-ROD,sl-rfrkuf_394077458-19140001:p58:12:12-c0-5-r0-40:h0c0,
FKB1914-SO.12.c1,FKB1914-SO,12,DE-289,289,,Kgl. Sächs. Staatseisenbahnen (Dresden – Röderau); Kgl. Preuß. Staatseisenbahnen (Röderau – Berlin),rail,2;3,n,?@c1;°@c1,daily,S-DRE-BER-ROD,sl-rfrkuf_394077458-19140001:p58:12:12-c0-5-r0-40:h0c1,
FKB1914-SO.12.c11,FKB1914-SO,12,DE-285,285,,Kgl. Sächs. Staatseisenbahnen (Dresden – Röderau); Kgl. Preuß. Staatseisenbahnen (Röderau – Berlin),rail,1;2;3,n,,daily,S-DRE-BER-ROD,sl-rfrkuf_394077458-19140001:p58:12:12-c6-11-r0-40:h0c11,
FKB1914-SO.12.c12,FKB1914-SO,12,DE-280,280,,Kgl. Sächs. Staatseisenbahnen (Dresden – Röderau); Kgl. Preuß. Staatseisenbahnen (Röderau – Berlin),rail,2;3,n,■@c12,daily,S-DRE-BER-ROD,sl-rfrkuf_394077458-19140001:p59:12:12-c12-17-r48-88:h0c12,
FKB1914-SO.12.c13,FKB1914-SO,12,DE-804,804,,Kgl. Sächs. Staatseisenbahnen (Dresden – Röderau); Kgl. Preuß. Staatseisenbahnen (Röderau – Berlin),rail,2;3,n,,daily,S-DRE-BER-ROD,sl-rfrkuf_394077458-19140001:p59:12:12-c12-17-r48-88:h0c13,
FKB1914-SO.12.c14,FKB1914-SO,12,DE-D68,D 68,,Kgl. Sächs. Staatseisenbahnen (Dresden – Röderau); Kgl. Preuß. Staatseisenbahnen (Röderau – Berlin),rail,1;2;3,n,,daily,S-DRE-BER-ROD,sl-rfrkuf_394077458-19140001:p59:12:12-c12-17-r48-88:h0c14,D-Zug
FKB1914-SO.12.c15,FKB1914-SO,12,DE-282,282,,Kgl. Sächs. Staatseisenbahnen (Dresden – Röderau); Kgl. Preuß. Staatseisenbahnen (Röderau – Berlin),rail,1;2;3,n,,daily,S-DRE-BER-ROD,sl-rfrkuf_394077458-19140001:p59:12:12-c12-17-r48-88:h0c15,
FKB1914-SO.12.c16,FKB1914-SO,12,DE-284,284,,Kgl. Sächs. Staatseisenbahnen (Dresden – Röderau); Kgl. Preuß. Staatseisenbahnen (Röderau – Berlin),rail,1;2;3,n,,daily,S-DRE-BER-ROD,sl-rfrkuf_394077458-19140001:p59:12:12-c12-17-r48-88:h0c16,
FKB1914-SO.12.c17,FKB1914-SO,12,DE-D56,D 56,,Kgl. Sächs. Staatseisenbahnen (Dresden – Röderau); Kgl. Preuß. Staatseisenbahnen (Röderau – Berlin),rail,1;2;3,n,◗@c17,daily,S-DRE-BER-ROD,sl-rfrkuf_394077458-19140001:p59:12:12-c12-17-r48-88:h0c17,D-Zug
FKB1914-SO.12.c2,FKB1914-SO,12,DE-D51,D 51,,Kgl. Sächs. Staatseisenbahnen (Dresden – Röderau); Kgl. Preuß. Staatseisenbahnen (Röderau – Berlin),rail,1;2;3,n,,daily,S-DRE-BER-ROD,sl-rfrkuf_394077458-19140001:p58:12:12-c0-5-r0-40:h0c2,D-Zug
FKB1914-SO.12.c20,FKB1914-SO,12,DE-D52,D 52,,Kgl. Sächs. Staatseisenbahnen (Dresden – Röderau); Kgl. Preuß. Staatseisenbahnen (Röderau – Berlin),rail,1;2;3,n,,daily,S-DRE-BER-ROD,sl-rfrkuf_394077458-19140001:p59:12:12-c18-23-r48-88:h0c20,D-Zug
FKB1914-SO.12.c21,FKB1914-SO,12,DE-286,286,,Kgl. Sächs. Staatseisenbahnen (Dresden – Röderau); Kgl. Preuß. Staatseisenbahnen (Röderau – Berlin),rail,1;2;3,n,,daily,S-DRE-BER-ROD,sl-rfrkuf_394077458-19140001:p59:12:12-c18-23-r48-88:h0c21,
FKB1914-SO.12.c22,FKB1914-SO,12,DE-D54,D 54,,Kgl. Sächs. Staatseisenbahnen (Dresden – Röderau); Kgl. Preuß. Staatseisenbahnen (Röderau – Berlin),rail,1;2;3,y,,daily,S-DRE-BER-ROD,sl-rfrkuf_394077458-19140001:p59:12:12-c18-23-r48-88:h0c22,D-Zug
FKB1914-SO.12.c6,FKB1914-SO,12,DE-283,283,,Kgl. Sächs. Staatseisenbahnen (Dresden – Röderau); Kgl. Preuß. Staatseisenbahnen (Röderau – Berlin),rail,1;2;3,n,,daily,S-DRE-BER-ROD,sl-rfrkuf_394077458-19140001:p58:12:12-c6-11-r0-40:h0c6,
FKB1914-SO.12.c7,FKB1914-SO,12,DE-D55,D 55,,Kgl. Sächs. Staatseisenbahnen (Dresden – Röderau); Kgl. Preuß. Staatseisenbahnen (Röderau – Berlin),rail,1;2;3,n,,daily,S-DRE-BER-ROD,sl-rfrkuf_394077458-19140001:p58:12:12-c6-11-r0-40:h0c7,D-Zug
FKB1914-SO.12.c9,FKB1914-SO,12,DE-D53,D 53,,Kgl. Sächs. Staatseisenbahnen (Dresden – Röderau); Kgl. Preuß. Staatseisenbahnen (Röderau – Berlin),rail,1;2;3,n,,daily,S-DRE-BER-ROD,sl-rfrkuf_394077458-19140001:p58:12:12-c6-11-r0-40:h0c9,D-Zug
FKB1914-SO.123.c0,FKB1914-SO,123,AT-T123-c0,,,K. k. österreichische Staatsbahnen,rail,1;2;3,n,§@c0,from:1914-06-01;daily,S-PRG-WIE-FJB,sl-rfrkuf_394077458-19140001:p189:123:123-c0-4-r0-5:h0c0,D-Zug
FKB1914-SO.123.c10,FKB1914-SO,123,AT-T123-c10,,,K. k. österreichische Staatsbahnen,rail,1;2;3,n,,daily,S-PRG-WIE-FJB,sl-rfrkuf_394077458-19140001:p189:123:123-c10-14-r0-5:h0c10,D-Zug
FKB1914-SO.123.c11,FKB1914-SO,123,AT-T123-c11,,,K. k. österreichische Staatsbahnen,rail,1;2;3,n,,daily,S-PRG-WIE-FJB,sl-rfrkuf_394077458-19140001:p189:123:123-c10-14-r0-5:h0c11,
FKB1914-SO.123.c12,FKB1914-SO,123,AT-T123-c12,,,K. k. österreichische Staatsbahnen,rail,2;3,n,,daily,S-PRG-WIE-FJB,sl-rfrkuf_394077458-19140001:p189:123:123-c10-14-r0-5:h0c12,
FKB1914-SO.123.c13,FKB1914-SO,123,AT-T123-c13,,,K. k. österreichische Staatsbahnen,rail,,n,,daily,S-PRG-WIE-FJB,sl-rfrkuf_394077458-19140001:p189:123:123-c10-14-r0-5:c13r5,D-Zug
FKB1914-SO.123.c15,FKB1914-SO,123,AT-T123-c15,,,K. k. österreichische Staatsbahnen,rail,1;2;3,n,°@c15,daily,S-PRG-WIE-FJB,sl-rfrkuf_394077458-19140001:p189:123:123-c15-19-r0-5:h0c15,
FKB1914-SO.123.c17,FKB1914-SO,123,AT-T123-c17,,,K. k. österreichische Staatsbahnen,rail,1;2;3,n,,daily,S-PRG-WIE-FJB,sl-rfrkuf_394077458-19140001:p189:123:123-c15-19-r0-5:h0c17,
FKB1914-SO.123.c18,FKB1914-SO,123,AT-T123-c18,,,K. k. österreichische Staatsbahnen,rail,1;2;3,n,,daily,S-PRG-WIE-FJB,sl-rfrkuf_394077458-19140001:p189:123:123-c15-19-r0-5:h0c18,
FKB1914-SO.123.c19,FKB1914-SO,123,AT-T123-c19,,,K. k. österreichische Staatsbahnen,rail,2;3,n,,daily,S-PRG-WIE-FJB,sl-rfrkuf_394077458-19140001:p189:123:123-c15-19-r0-5:h0c19,
FKB1914-SO.123.c3,FKB1914-SO,123,AT-T123-c3,,,K. k. österreichische Staatsbahnen,rail,1;2;3,n,,daily,S-PRG-WIE-FJB,sl-rfrkuf_394077458-19140001:p189:123:123-c0-4-r0-5:h0c3,Schnellzug
FKB1914-SO.123.c4,FKB1914-SO,123,AT-T123-c4,,,K. k. österreichische Staatsbahnen,rail,1;2;3,n,,daily,S-PRG-WIE-FJB,sl-rfrkuf_394077458-19140001:p189:123:123-c0-4-r0-5:h0c4,
FKB1914-SO.123.c6,FKB1914-SO,123,AT-T123-c6,,,K. k. österreichische Staatsbahnen,rail,2;3,n,,daily,S-PRG-WIE-FJB,sl-rfrkuf_394077458-19140001:p189:123:123-c5-9-r0-5:h0c6,
FKB1914-SO.123.c7,FKB1914-SO,123,AT-T123-c7,,,K. k. österreichische Staatsbahnen,rail,1;2;3,n,,daily,S-PRG-WIE-FJB,sl-rfrkuf_394077458-19140001:p189:123:123-c5-9-r0-5:h0c7,D-Zug
FKB1914-SO.123.c8,FKB1914-SO,123,AT-T123-c8,,,K. k. österreichische Staatsbahnen,rail,1;3,n,,daily,S-PRG-WIE-FJB,sl-rfrkuf_394077458-19140001:p189:123:123-c5-9-r0-5:h0c8,
FKB1914-SO.126.c11,FKB1914-SO,126,AT-T126-c11,,,K. k. Nordwestbahn-Direktion,rail,,n,?@c11.c12.c13;●@c11.c12.c13,dow:Su;dates:1914-06-14..1914-09-13,S-TET-WIE-NWB,sl-rfrkuf_394077458-19140001:p192:126:126-c8-15-r31-43:h0c11,
FKB1914-SO.126.c12.r29,FKB1914-SO,126,AT-T126-c12,,,K. k. Nordwestbahn-Direktion,rail,,n,?@c11.c12.c13;●@c11.c12.c13,dow:Su;dates:1914-06-14..1914-09-13,S-TET-WIE-NWB,sl-rfrkuf_394077458-19140001:p192:126:126-c8-15-r31-43:h0c12,
FKB1914-SO.126.c12.r31,FKB1914-SO,126,AT-T126-c12,,,K. k. Nordwestbahn-Direktion,rail,,n,?@c11.c12.c13;●@c11.c12.c13,dow:Su;dates:1914-06-14..1914-09-13,S-TET-WIE-NWB,sl-rfrkuf_394077458-19140001:p192:126:126-c8-15-r31-43:h0c12,
FKB1914-SO.126.c12.r43,FKB1914-SO,126,AT-T126-c12,,,K. k. Nordwestbahn-Direktion,rail,,n,?@c11.c12.c13;●@c11.c12.c13,dow:Su;dates:1914-06-14..1914-09-13,S-TET-WIE-NWB,sl-rfrkuf_394077458-19140001:p192:126:126-c8-15-r31-43:h0c12,
FKB1914-SO.126.c13,FKB1914-SO,126,AT-T126-c13,,,K. k. Nordwestbahn-Direktion,rail,,n,?@c11.c12.c13;°@c13;●@c11.c12.c13,dow:Su;dates:1914-06-14..1914-09-13,S-TET-WIE-NWB,sl-rfrkuf_394077458-19140001:p192:126:126-c8-15-r31-43:h0c13,
FKB1914-SO.126.c14,FKB1914-SO,126,AT-T126-c14,,,K. k. Nordwestbahn-Direktion,rail,,n,,daily,S-TET-WIE-NWB,sl-rfrkuf_394077458-19140001:p192:126:126-c8-15-r31-43:h0c14,Schnellzug
FKB1914-SO.126.c15.r29,FKB1914-SO,126,AT-T126-c15,,,K. k. Nordwestbahn-Direktion,rail,,y,,daily,S-TET-WIE-NWB,sl-rfrkuf_394077458-19140001:p192:126:126-c8-15-r31-43:h0c15,
FKB1914-SO.126.c15.r43,FKB1914-SO,126,AT-T126-c15,,,K. k. Nordwestbahn-Direktion,rail,,y,,daily,S-TET-WIE-NWB,sl-rfrkuf_394077458-19140001:p192:126:126-c8-15-r31-43:h0c15,Schnellzug
FKB1914-SO.126.c20.r50,FKB1914-SO,126,AT-T126-c20,,,K. k. Nordwestbahn-Direktion,rail,1;2;3,y,,daily,S-TET-WIE-NWB,sl-rfrkuf_394077458-19140001:p193:126:126-c20-27-r50-92:h0c20,Schnellzug
FKB1914-SO.126.c20.r64,FKB1914-SO,126,AT-T126-c20,,,K. k. Nordwestbahn-Direktion,rail,1;2;3,y,,daily,S-TET-WIE-NWB,sl-rfrkuf_394077458-19140001:p193:126:126-c20-27-r50-92:h0c20,Schnellzug
FKB1914-SO.126.c21.r50,FKB1914-SO,126,AT-T126-c21,,,K. k. Nordwestbahn-Direktion,rail,1;2;3,y,,daily,S-TET-WIE-NWB,sl-rfrkuf_394077458-19140001:p193:126:126-c20-27-r50-92:h0c21,Schnellzug
FKB1914-SO.126.c21.r62,FKB1914-SO,126,AT-T126-c21,,,K. k. Nordwestbahn-Direktion,rail,1;2;3,y,,daily,S-TET-WIE-NWB,sl-rfrkuf_394077458-19140001:p193:126:126-c20-27-r50-92:h0c21,
FKB1914-SO.126.c22.r50,FKB1914-SO,126,AT-T126-c22,,,K. k. Nordwestbahn-Direktion,rail,1;2;3,n,!@c33,daily,S-TET-WIE-NWB,sl-rfrkuf_394077458-19140001:p193:126:126-c20-27-r50-92:h0c22,D-Zug
FKB1914-SO.126.c22.r62,FKB1914-SO,126,AT-T126-c22,,,K. k. Nordwestbahn-Direktion,rail,1;2;3,n,!@c33,daily,S-TET-WIE-NWB,sl-rfrkuf_394077458-19140001:p193:126:126-c20-27-r50-92:h0c22,D-Zug
FKB1914-SO.126.c22.r64,FKB1914-SO,126,AT-T126-c22,,,K. k. Nordwestbahn-Direktion,rail,1;2;3,n,!@c33,daily,S-TET-WIE-NWB,sl-rfrkuf_394077458-19140001:p193:126:126-c20-27-r50-92:h0c22,D-Zug
FKB1914-SO.126.c24.r50,FKB1914-SO,126,AT-T126-c24,,,K. k. Nordwestbahn-Direktion,rail,1;2;3,n,,daily,S-TET-WIE-NWB,sl-rfrkuf_394077458-19140001:p193:126:126-c20-27-r50-92:h0c24,
FKB1914-SO.126.c24.r62,FKB1914-SO,126,AT-T126-c24,,,K. k. Nordwestbahn-Direktion,rail,1;2;3,n,,daily,S-TET-WIE-NWB,sl-rfrkuf_394077458-19140001:p193:126:126-c20-27-r50-92:h0c24,
FKB1914-SO.126.c24.r64,FKB1914-SO,126,AT-T126-c24,,,K. k. Nordwestbahn-Direktion,rail,1;2;3,n,,daily,S-TET-WIE-NWB,sl-rfrkuf_394077458-19140001:p193:126:126-c20-27-r50-92:h0c24,
FKB1914-SO.126.c28.r62,FKB1914-SO,126,AT-T126-c28,,,K. k. Nordwestbahn-Direktion,rail,1;2;3,n,,daily,S-TET-WIE-NWB,sl-rfrkuf_394077458-19140001:p193:126:126-c28-34-r50-92:h0c28,
FKB1914-SO.126.c28.r64,FKB1914-SO,126,AT-T126-c28,,,K. k. Nordwestbahn-Direktion,rail,1;2;3,n,,daily,S-TET-WIE-NWB,sl-rfrkuf_394077458-19140001:p193:126:126-c28-34-r50-92:h0c28,
FKB1914-SO.126.c3.r31,FKB1914-SO,126,AT-T126-c3,,,K. k. Nordwestbahn-Direktion,rail,,n,,daily,S-TET-WIE-NWB,sl-rfrkuf_394077458-19140001:p192:126:126-c0-7-r31-43:h0c3,D-Zug
FKB1914-SO.126.c3.r43,FKB1914-SO,126,AT-T126-c3,,,K. k. Nordwestbahn-Direktion,rail,,n,,daily,S-TET-WIE-NWB,sl-rfrkuf_394077458-19140001:p192:126:126-c0-7-r31-43:h0c3,D-Zug
FKB1914-SO.126.c30.r50,FKB1914-SO,126,AT-T126-c30,,,K. k. Nordwestbahn-Direktion,rail,1;2;3,n,*@c30,daily,S-TET-WIE-NWB,sl-rfrkuf_394077458-19140001:p193:126:126-c28-34-r50-92:h0c30,Schnellzug
FKB1914-SO.126.c30.r62,FKB1914-SO,126,AT-T126-c30,,,K. k. Nordwestbahn-Direktion,rail,1;2;3,n,*@c30,daily,S-TET-WIE-NWB,sl-rfrkuf_394077458-19140001:p193:126:126-c28-34-r50-92:h0c30,Schnellzug
FKB1914-SO.126.c30.r64,FKB1914-SO,126,AT-T126-c30,,,K. k. Nordwestbahn-Direktion,rail,1;2;3,n,*@c30,daily,S-TET-WIE-NWB,sl-rfrkuf_394077458-19140001:p193:126:126-c28-34-r50-92:h0c30,Schnellzug
FKB1914-SO.126.c31.r50,FKB1914-SO,126,AT-T126-c31,,,K. k. Nordwestbahn-Direktion,rail,1;2;3,n,,daily,S-TET-WIE-NWB,sl-rfrkuf_394077458-19140001:p193:126:126-c28-34-r50-92:h0c31,
FKB1914-SO.126.c31.r62,FKB1914-SO,126,AT-T126-c31,,,K. k. Nordwestbahn-Direktion,rail,1;2;3,n,,daily,S-TET-WIE-NWB,sl-rfrkuf_394077458-19140001:p193:126:126-c28-34-r50-92:h0c31,
FKB1914-SO.126.c31.r64,FKB1914-SO,126,AT-T126-c31,,,K. k. Nordwestbahn-Direktion,rail,1;2;3,n,,daily,S-TET-WIE-NWB,sl-rfrkuf_394077458-19140001:p193:126:126-c28-34-r50-92:h0c31,
FKB1914-SO.126.c32.r50,FKB1914-SO,126,AT-T126-c32,,,K. k. Nordwestbahn-Direktion,rail,1;2;3,n,,daily,S-TET-WIE-NWB,sl-rfrkuf_394077458-19140001:p193:126:126-c28-34-r50-92:h0c32,
FKB1914-SO.126.c32.r62,FKB1914-SO,126,AT-T126-c32,,,K. k. Nordwestbahn-Direktion,rail,1;2;3,n,,daily,S-TET-WIE-NWB,sl-rfrkuf_394077458-19140001:p193:126:126-c28-34-r50-92:h0c32,
FKB1914-SO.126.c32.r64,FKB1914-SO,126,AT-T126-c32,,,K. k. Nordwestbahn-Direktion,rail,1;2;3,n,,daily,S-TET-WIE-NWB,sl-rfrkuf_394077458-19140001:p193:126:126-c28-34-r50-92:h0c32,
FKB1914-SO.126.c4,FKB1914-SO,126,AT-T126-c4,,,K. k. Nordwestbahn-Direktion,rail,,n,,daily,S-TET-WIE-NWB,sl-rfrkuf_394077458-19140001:p192:126:126-c0-7-r31-43:h0c4,D-Zug
FKB1914-SO.126.c6.r29,FKB1914-SO,126,AT-T126-c6,,,K. k. Nordwestbahn-Direktion,rail,,n,,daily,S-TET-WIE-NWB,sl-rfrkuf_394077458-19140001:p192:126:126-c0-7-r31-43:h0c6,
FKB1914-SO.126.c6.r31,FKB1914-SO,126,AT-T126-c6,,,K. k. Nordwestbahn-Direktion,rail,,n,,daily,S-TET-WIE-NWB,sl-rfrkuf_394077458-19140001:p192:126:126-c0-7-r31-43:h0c6,
FKB1914-SO.126.c6.r43,FKB1914-SO,126,AT-T126-c6,,,K. k. Nordwestbahn-Direktion,rail,,n,,daily,S-TET-WIE-NWB,sl-rfrkuf_394077458-19140001:p192:126:126-c0-7-r31-43:h0c6,
FKB1914-SO.126.c7,FKB1914-SO,126,AT-T126-c7,,,K. k. Nordwestbahn-Direktion,rail,,n,,daily,S-TET-WIE-NWB,sl-rfrkuf_394077458-19140001:p192:126:126-c0-7-r31-43:h0c7,Schnellzug
FKB1914-SO.126.c8.r29,FKB1914-SO,126,AT-T126-c8,,,K. k. Nordwestbahn-Direktion,rail,,n,@c8,"dow:Su;also:1914-05-21,1914-06-01",S-TET-WIE-NWB,sl-rfrkuf_394077458-19140001:p192:126:126-c1-8-r1-29:h0c8,
FKB1914-SO.126.c8.r31,FKB1914-SO,126,AT-T126-c8,,,K. k. Nordwestbahn-Direktion,rail,,n,@c8,"dow:Su;also:1914-05-21,1914-06-01",S-TET-WIE-NWB,sl-rfrkuf_394077458-19140001:p192:126:126-c1-8-r1-29:h0c8,
FKB1914-SO.126.c8.r43,FKB1914-SO,126,AT-T126-c8,,,K. k. Nordwestbahn-Direktion,rail,,n,@c8,"dow:Su;also:1914-05-21,1914-06-01",S-TET-WIE-NWB,sl-rfrkuf_394077458-19140001:p192:126:126-c1-8-r1-29:h0c8,
FKB1914-SO.126.c9.r29,FKB1914-SO,126,AT-T126-c9,,,K. k. Nordwestbahn-Direktion,rail,,n,,daily,S-TET-WIE-NWB,sl-rfrkuf_394077458-19140001:p192:126:126-c8-15-r31-43:h0c9,Schnellzug
FKB1914-SO.126.c9.r31,FKB1914-SO,126,AT-T126-c9,,,K. k. Nordwestbahn-Direktion,rail,,n,,daily,S-TET-WIE-NWB,sl-rfrkuf_394077458-19140001:p192:126:126-c8-15-r31-43:h0c9,Schnellzug
FKB1914-SO.126.c9.r43,FKB1914-SO,126,AT-T126-c9,,,K. k. Nordwestbahn-Direktion,rail,,n,,daily,S-TET-WIE-NWB,sl-rfrkuf_394077458-19140001:p192:126:126-c8-15-r31-43:h0c9,Schnellzug
FKB1914-SO.13.c1,FKB1914-SO,13,DE-D67,D 67,,Kgl. Sächs. Staatseisenbahnen (Dresden – Elsterwerda); Kgl. Preuß. Staatseisenbahnen (Elsterwerda – Berlin),rail,1;2;3,y,,daily,S-DRE-BER-ELS,sl-rfrkuf_394077458-19140001:p60:13:13-c0-6-r0-36:h0c1,D-Zug
FKB1914-SO.13.c10,FKB1914-SO,13,DE-315,315,,Kgl. Sächs. Staatseisenbahnen (Dresden – Elsterwerda); Kgl. Preuß. Staatseisenbahnen (Elsterwerda – Berlin),rail,1;2;3,n,,daily,S-DRE-BER-ELS,sl-rfrkuf_394077458-19140001:p60:13:13-c7-13-r0-36:h0c10,
FKB1914-SO.13.c14,FKB1914-SO,13,DE-328,328,,Kgl. Sächs. Staatseisenbahnen (Dresden – Elsterwerda); Kgl. Preuß. Staatseisenbahnen (Elsterwerda – Berlin),rail,2;3,n,!@c14,dates:1914-07-01..1914-08-31,S-DRE-BER-ELS,sl-rfrkuf_394077458-19140001:p61:13:13-c14-20-r44-80:h0c14,
FKB1914-SO.13.c15,FKB1914-SO,13,DE-312,312,,Kgl. Sächs. Staatseisenbahnen (Dresden – Elsterwerda); Kgl. Preuß. Staatseisenbahnen (Elsterwerda – Berlin),rail,1;2;3,n,,daily,S-DRE-BER-ELS,sl-rfrkuf_394077458-19140001:p61:13:13-c14-20-r44-80:h0c15,
FKB1914-SO.13.c16,FKB1914-SO,13,DE-D62,D 62,,Kgl. Sächs. Staatseisenbahnen (Dresden – Elsterwerda); Kgl. Preuß. Staatseisenbahnen (Elsterwerda – Berlin),rail,1;2;3,n,,daily,S-DRE-BER-ELS,sl-rfrkuf_394077458-19140001:p61:13:13-c14-20-r44-80:h0c16,D-Zug
FKB1914-SO.13.c17,FKB1914-SO,13,DE-D66,D 66,,Kgl. Sächs. Staatseisenbahnen (Dresden – Elsterwerda); Kgl. Preuß. Staatseisenbahnen (Elsterwerda – Berlin),rail,1;2;3,n,,daily,S-DRE-BER-ELS,sl-rfrkuf_394077458-19140001:p61:13:13-c14-20-r44-80:h0c17,D-Zug
FKB1914-SO.13.c18,FKB1914-SO,13,DE-326,326,,Kgl. Sächs. Staatseisenbahnen (Dresden – Elsterwerda); Kgl. Preuß. Staatseisenbahnen (Elsterwerda – Berlin),rail,1;2;3,n,,daily,S-DRE-BER-ELS,sl-rfrkuf_394077458-19140001:p61:13:13-c14-20-r44-80:h0c18,
FKB1914-SO.13.c19,FKB1914-SO,13,DE-E64,E 64,,Kgl. Sächs. Staatseisenbahnen (Dresden – Elsterwerda); Kgl. Preuß. Staatseisenbahnen (Elsterwerda – Berlin),rail,1;2;3,n,,daily,S-DRE-BER-ELS,sl-rfrkuf_394077458-19140001:p61:13:13-c14-20-r44-80:h0c19,Eilzug
FKB1914-SO.13.c20,FKB1914-SO,13,DE-314,314,,Kgl. Sächs. Staatseisenbahnen (Dresden – Elsterwerda); Kgl. Preuß. Staatseisenbahnen (Elsterwerda – Berlin),rail,1;2;3,n,,daily,S-DRE-BER-ELS,sl-rfrkuf_394077458-19140001:p61:13:13-c14-20-r44-80:h0c20,
FKB1914-SO.13.c21,FKB1914-SO,13,DE-D196,D196,,Kgl. Sächs. Staatseisenbahnen (Dresden – Elsterwerda); Kgl. Preuß. Staatseisenbahnen (Elsterwerda – Berlin),rail,1;2;3,y,,daily,S-DRE-BER-ELS,sl-rfrkuf_394077458-19140001:p61:13:13-c21-26-r44-80:h0c21,D-Zug
FKB1914-SO.13.c22,FKB1914-SO,13,DE-D11,D 11,,Kgl. Sächs. Staatseisenbahnen (Dresden – Elsterwerda); Kgl. Preuß. Staatseisenbahnen (Elsterwerda – Berlin),rail,1;2;3,n,†@c22,daily,S-DRE-BER-ELS,sl-rfrkuf_394077458-19140001:p61:13:13-c21-26-r44-80:h0c22,D-Zug
FKB1914-SO.13.c23,FKB1914-SO,13,DE-316,316,,Kgl. Sächs. Staatseisenbahnen (Dresden – Elsterwerda); Kgl. Preuß. Staatseisenbahnen (Elsterwerda – Berlin),rail,1;2;3,n,,daily,S-DRE-BER-ELS,sl-rfrkuf_394077458-19140001:p61:13:13-c21-26-r44-80:h0c23,
FKB1914-SO.13.c4,FKB1914-SO,13,DE-D61,D 61,,Kgl. Sächs. Staatseisenbahnen (Dresden – Elsterwerda); Kgl. Preuß. Staatseisenbahnen (Elsterwerda – Berlin),rail,1;2;3,n,,daily,S-DRE-BER-ELS,sl-rfrkuf_394077458-19140001:p60:13:13-c0-6-r0-36:h0c4,D-Zug
FKB1914-SO.13.c6,FKB1914-SO,13,DE-E63,E 63,,Kgl. Sächs. Staatseisenbahnen (Dresden – Elsterwerda); Kgl. Preuß. Staatseisenbahnen (Elsterwerda – Berlin),rail,1;2;3,n,,daily,S-DRE-BER-ELS,sl-rfrkuf_394077458-19140001:p60:13:13-c0-6-r0-36:h0c6,Eilzug
FKB1914-SO.13.c7,FKB1914-SO,13,DE-313,313,,Kgl. Sächs. Staatseisenbahnen (Dresden – Elsterwerda); Kgl. Preuß. Staatseisenbahnen (Elsterwerda – Berlin),rail,1;2;3,n,,daily,S-DRE-BER-ELS,sl-rfrkuf_394077458-19140001:p60:13:13-c7-13-r0-36:h0c7,
FKB1914-SO.13.c9,FKB1914-SO,13,DE-D65,D 65,,Kgl. Sächs. Staatseisenbahnen (Dresden – Elsterwerda); Kgl. Preuß. Staatseisenbahnen (Elsterwerda – Berlin),rail,1;2;3,n,,daily,S-DRE-BER-ELS,sl-rfrkuf_394077458-19140001:p60:13:13-c7-13-r0-36:h0c9,D-Zug
FKB1914-SO.23.c0.r14,FKB1914-SO,23,DE-431,431,,Kgl. Sächs. Staatseisenbahnen,rail,1;2;3,n,,daily,S-DRE-BOD,sl-rfrkuf_394077458-19140001:p74:23:23-c0-6-r0-26:h0c0,
FKB1914-SO.23.c0.r26,FKB1914-SO,23,DE-431,431,,Kgl. Sächs. Staatseisenbahnen,rail,1;2;3,n,,daily,S-DRE-BOD,sl-rfrkuf_394077458-19140001:p74:23:23-c0-6-r0-26:h0c0,
FKB1914-SO.23.c1.r14,FKB1914-SO,23,DE-D1,D 1,,Kgl. Sächs. Staatseisenbahnen,rail,1;2;3,y,,daily,S-DRE-BOD,sl-rfrkuf_394077458-19140001:p74:23:23-c0-6-r0-26:h0c1,D-Zug
FKB1914-SO.23.c1.r26,FKB1914-SO,23,DE-D1,D 1,,Kgl. Sächs. Staatseisenbahnen,rail,1;2;3,y,,daily,S-DRE-BOD,sl-rfrkuf_394077458-19140001:p74:23:23-c0-6-r0-26:h0c1,D-Zug
FKB1914-SO.23.c10,FKB1914-SO,23,DE-437,437,,Kgl. Sächs. Staatseisenbahnen,rail,1;2;3,n,,daily,S-DRE-BOD,sl-rfrkuf_394077458-19140001:p74:23:23-c7-12-r0-26:h0c10,
FKB1914-SO.23.c12,FKB1914-SO,23,DE-D68,D 68,,Kgl. Sächs. Staatseisenbahnen,rail,1;2;3,n,,daily,S-DRE-BOD,sl-rfrkuf_394077458-19140001:p74:23:23-c7-12-r0-26:h0c12,D-Zug
FKB1914-SO.23.c13.r46,FKB1914-SO,23,DE-439,439,,Kgl. Sächs. Staatseisenbahnen,rail,1;2;3,n,,daily,S-DRE-BOD,sl-rfrkuf_394077458-19140001:p75:23:23-c13-18-r32-57:h0c13,
FKB1914-SO.23.c13.r57,FKB1914-SO,23,DE-439,439,,Kgl. Sächs. Staatseisenbahnen,rail,1;2;3,n,,daily,S-DRE-BOD,sl-rfrkuf_394077458-19140001:p75:23:23-c13-18-r32-57:h0c13,
FKB1914-SO.23.c15.r46,FKB1914-SO,23,DE-D62,D 62,,Kgl. Sächs. Staatseisenbahnen,rail,1;2;3,n,,daily,S-DRE-BOD,sl-rfrkuf_394077458-19140001:p75:23:23-c13-18-r32-57:h0c15,D-Zug
FKB1914-SO.23.c15.r57,FKB1914-SO,23,DE-D62,D 62,,Kgl. Sächs. Staatseisenbahnen,rail,1;2;3,n,,daily,S-DRE-BOD,sl-rfrkuf_394077458-19140001:p75:23:23-c13-18-r32-57:h0c15,D-Zug
FKB1914-SO.23.c16,FKB1914-SO,23,DE-D66,D 66,,Kgl. Sächs. Staatseisenbahnen,rail,1;2;3,n,,daily,S-DRE-BOD,sl-rfrkuf_394077458-19140001:p75:23:23-c13-18-r32-57:h0c16,D-Zug
FKB1914-SO.23.c17,FKB1914-SO,23,DE-443,443,,Kgl. Sächs. Staatseisenbahnen,rail,1;2;3,n,,daily,S-DRE-BOD,sl-rfrkuf_394077458-19140001:p75:23:23-c13-18-r32-57:h0c17,
FKB1914-SO.23.c2.r14,FKB1914-SO,23,DE-433,433,,Kgl. Sächs. Staatseisenbahnen,rail,1;2;3,n,◗@c2,daily,S-DRE-BOD,sl-rfrkuf_394077458-19140001:p74:23:23-c0-6-r0-26:h0c2,
FKB1914-SO.23.c2.r26,FKB1914-SO,23,DE-433,433,,Kgl. Sächs. Staatseisenbahnen,rail,1;2;3,n,◗@c2,daily,S-DRE-BOD,sl-rfrkuf_394077458-19140001:p74:23:23-c0-6-r0-26:h0c2,
FKB1914-SO.23.c27,FKB1914-SO,23,DE-D56,D 56,,Kgl. Sächs. Staatseisenbahnen,rail,1;2;3,n,,daily,S-DRE-BOD,sl-rfrkuf_394077458-19140001:p76:23:23-c26-29-r64-89:h0c27,D-Zug
FKB1914-SO.23.c29.r78,FKB1914-SO,23,DE-453,453,,Kgl. Sächs. Staatseisenbahnen,rail,1;2;3,n,,daily,S-DRE-BOD,sl-rfrkuf_394077458-19140001:p76:23:23-c26-29-r64-89:h0c29,
FKB1914-SO.23.c29.r89,FKB1914-SO,23,DE-453,453,,Kgl. Sächs. Staatseisenbahnen,rail,1;2;3,n,,daily,S-DRE-BOD,sl-rfrkuf_394077458-19140001:p76:23:23-c26-29-r64-89:h0c29,
FKB1914-SO.23.c3,FKB1914-SO,23,DE-501,501,,Kgl. Sächs. Staatseisenbahnen,rail,2;3,n,@c3;†@c3.c4.c5,"dow:Su;also:1914-05-21,1914-06-01",S-DRE-BOD,sl-rfrkuf_394077458-19140001:p74:23:23-c0-6-r0-26:h0c3,
FKB1914-SO.23.c30,FKB1914-SO,23,DE-D52,D 52,,Kgl. Sächs. Staatseisenbahnen,rail,1;2;3,n,,daily,S-DRE-BOD,sl-rfrkuf_394077458-19140001:p76:23:23-c30-32-r64-89:h0c30,D-Zug
FKB1914-SO.23.c31,FKB1914-SO,23,DE-D196,D196,,Kgl. Sächs. Staatseisenbahnen,rail,1;2;3,y,,daily,S-DRE-BOD,sl-rfrkuf_394077458-19140001:p76:23:23-c30-32-r64-89:h0c31,D-Zug
FKB1914-SO.23.c33,FKB1914-SO,23,DE-D2,D 2,,Kgl. Sächs. Staatseisenbahnen,rail,1;2;3,y,,daily,S-DRE-BOD,sl-rfrkuf_394077458-19140001:p77:23:23-c33-38-r95-123:h0c33,D-Zug
FKB1914-SO.23.c34,FKB1914-SO,23,DE-D67,D 67,,Kgl. Sächs. Staatseisenbahnen,rail,1;2;3,y,,daily,S-DRE-BOD,sl-rfrkuf_394077458-19140001:p77:23:23-c33-38-r95-123:h0c34,D-Zug
FKB1914-SO.23.c35,FKB1914-SO,23,DE-436,436,,Kgl. Sächs. Staatseisenbahnen,rail,1;2;3,n,,daily,S-DRE-BOD,sl-rfrkuf_394077458-19140001:p77:23:23-c33-38-r95-123:h0c35,
FKB1914-SO.23.c36,FKB1914-SO,23,DE-D51,D 51,,Kgl. Sächs. Staatseisenbahnen,rail,1;2;3,y,,daily,S-DRE-BOD,sl-rfrkuf_394077458-19140001:p77:23:23-c33-38-r95-123:h0c36,D-Zug
FKB1914-SO.23.c38,FKB1914-SO,23,DE-D61,D 61,,Kgl. Sächs. Staatseisenbahnen,rail,1;2;3,n,,daily,S-DRE-BOD,sl-rfrkuf_394077458-19140001:p77:23:23-c33-38-r95-123:h0c38,D-Zug
FKB1914-SO.23.c4,FKB1914-SO,23,DE-435,435,,Kgl. Sächs. Staatseisenbahnen,rail,1;2;3,n,†@c3.c4.c5;◗@c2,daily,S-DRE-BOD,sl-rfrkuf_394077458-19140001:p74:23:23-c0-6-r0-26:h0c4,
FKB1914-SO.23.c40.r109,FKB1914-SO,23,DE-442,442,,Kgl. Sächs. Staatseisenbahnen,rail,1;2;3,n,,daily,S-DRE-BOD,sl-rfrkuf_394077458-19140001:p77:23:23-c39-43-r95-123:h0c40,
FKB1914-SO.23.c40.r95,FKB1914-SO,23,DE-442,442,,Kgl. Sächs. Staatseisenbahnen,rail,1;2;3,n,,daily,S-DRE-BOD,sl-rfrkuf_394077458-19140001:p77:23:23-c39-43-r95-123:h0c40,
FKB1914-SO.23.c41,FKB1914-SO,23,DE-444,444,,Kgl. Sächs. Staatseisenbahnen,rail,1;2;3,n,,daily,S-DRE-BOD,sl-rfrkuf_394077458-19140001:p77:23:23-c39-43-r95-123:h0c41,
FKB1914-SO.23.c42,FKB1914-SO,23,DE-E140,E 140,,Kgl. Sächs. Staatseisenbahnen,rail,1;2;3,n,,daily,S-DRE-BOD,sl-rfrkuf_394077458-19140001:p77:23:23-c39-43-r95-123:h0c42,Eilzug
FKB1914-SO.23.c43,FKB1914-SO,23,DE-446,446,,Kgl. Sächs. Staatseisenbahnen,rail,1;2;3,n,,daily,S-DRE-BOD,sl-rfrkuf_394077458-19140001:p77:23:23-c39-43-r95-123:h0c43,
FKB1914-SO.23.c45,FKB1914-SO,23,DE-448,448,,Kgl. Sächs. Staatseisenbahnen,rail,1;2;3,n,,daily,S-DRE-BOD,sl-rfrkuf_394077458-19140001:p78:23:23-c44-49-r135-163:h0c45,
FKB1914-SO.23.c46,FKB1914-SO,23,DE-D55,D 55,,Kgl. Sächs. Staatseisenbahnen,rail,1;2;3,n,,daily,S-DRE-BOD,sl-rfrkuf_394077458-19140001:p78:23:23-c44-49-r135-163:h0c46,D-Zug
FKB1914-SO.23.c47,FKB1914-SO,23,DE-D65,D 65,,Kgl. Sächs. Staatseisenbahnen,rail,1;2;3,n,,daily,S-DRE-BOD,sl-rfrkuf_394077458-19140001:p78:23:23-c44-49-r135-163:h0c47,D-Zug
FKB1914-SO.23.c49.r135,FKB1914-SO,23,DE-452,452,,Kgl. Sächs. Staatseisenbahnen,rail,1;2;3,n,,daily,S-DRE-BOD,sl-rfrkuf_394077458-19140001:p78:23:23-c44-49-r135-163:h0c49,
FKB1914-SO.23.c49.r149,FKB1914-SO,23,DE-452,452,,Kgl. Sächs. Staatseisenbahnen,rail,1;2;3,n,,daily,S-DRE-BOD,sl-rfrkuf_394077458-19140001:p78:23:23-c44-49-r135-163:h0c49,
FKB1914-SO.23.c5,FKB1914-SO,23,DE-435a,435a,,Kgl. Sächs. Staatseisenbahnen,rail,,n,?@c5;†@c3.c4.c5,"dow:Su;also:1914-05-21,1914-06-01",S-DRE-BOD,sl-rfrkuf_394077458-19140001:p74:23:23-c0-6-r0-26:h0c5,
FKB1914-SO.23.c50.r135,FKB1914-SO,23,DE-D53,D 53,,Kgl. Sächs. Staatseisenbahnen,rail,1;2;3,n,,daily,S-DRE-BOD,sl-rfrkuf_394077458-19140001:p78:23:23-c50-54-r135-163:h0c50,D-Zug
FKB1914-SO.23.c50.r149,FKB1914-SO,23,DE-D53,D 53,,Kgl. Sächs. Staatseisenbahnen,rail,1;2;3,n,,daily,S-DRE-BOD,sl-rfrkuf_394077458-19140001:p78:23:23-c50-54-r135-163:h0c50,D-Zug
FKB1914-SO.23.c53.r135,FKB1914-SO,23,DE-454,454,,Kgl. Sächs. Staatseisenbahnen,rail,1;2;3,n,,daily,S-DRE-BOD,sl-rfrkuf_394077458-19140001:p78:23:23-c50-54-r135-163:h0c53,
FKB1914-SO.23.c53.r149,FKB1914-SO,23,DE-454,454,,Kgl. Sächs. Staatseisenbahnen,rail,1;2;3,n,,daily,S-DRE-BOD,sl-rfrkuf_394077458-19140001:p78:23:23-c50-54-r135-163:h0c53,
FKB1914-SO.23.c55,FKB1914-SO,23,DE-E138,E 138,,Kgl. Sächs. Staatseisenbahnen,rail,1;2;3,n,,daily,S-DRE-BOD,sl-rfrkuf_394077458-19140001:p79:23:23-c55-60-r175-202:h0c55,Eilzug
FKB1914-SO.23.c57.r175,FKB1914-SO,23,DE-456,456,,Kgl. Sächs. Staatseisenbahnen,rail,1;2;3,n,•@p6,daily,S-DRE-BOD,sl-rfrkuf_394077458-19140001:p79:23:23-c55-60-r175-202:h0c57,
FKB1914-SO.23.c57.r188,FKB1914-SO,23,DE-456,456,,Kgl. Sächs. Staatseisenbahnen,rail,1;2;3,n,•@p6,daily,S-DRE-BOD,sl-rfrkuf_394077458-19140001:p79:23:23-c55-60-r175-202:h0c57,
FKB1914-SO.23.c58,FKB1914-SO,23,DE-566,566,,Kgl. Sächs. Staatseisenbahnen,rail,,n,@c58,"dow:Su;also:1914-05-21,1914-06-01",S-DRE-BOD,sl-rfrkuf_394077458-19140001:p79:23:23-c55-60-r175-202:h0c58,
FKB1914-SO.23.c60.r175,FKB1914-SO,23,DE-458,458,,Kgl. Sächs. Staatseisenbahnen,rail,1;2;3,n,,daily,S-DRE-BOD,sl-rfrkuf_394077458-19140001:p79:23:23-c55-60-r175-202:h0c60,
FKB1914-SO.23.c60.r188,FKB1914-SO,23,DE-458,458,,Kgl. Sächs. Staatseisenbahnen,rail,1;2;3,n,,daily,S-DRE-BOD,sl-rfrkuf_394077458-19140001:p79:23:23-c55-60-r175-202:h0c60,
FKB1914-SO.23.c7,FKB1914-SO,23,DE-509,509,,Kgl. Sächs. Staatseisenbahnen,rail,1;2;3,n,@c7,"dow:Su;also:1914-05-21,1914-06-01,1914-06-02",S-DRE-BOD,sl-rfrkuf_394077458-19140001:p74:23:23-c7-12-r0-26:h0c7,
FKB1914-SO.23.c8.r14,FKB1914-SO,23,DE-E137,E137,,Kgl. Sächs. Staatseisenbahnen,rail,1;2;3,n,,daily,S-DRE-BOD,sl-rfrkuf_394077458-19140001:p74:23:23-c7-12-r0-26:h0c8,Eilzug
FKB1914-SO.23.c8.r26,FKB1914-SO,23,DE-E137,E137,,Kgl. Sächs. Staatseisenbahnen,rail,1;2;3,n,,daily,S-DRE-BOD,sl-rfrkuf_394077458-19140001:p74:23:23-c7-12-r0-26:h0c8,Eilzug
FKB1914-SO.23.c9,FKB1914-SO,23,DE-E139,E139,,Kgl. Sächs. Staatseisenbahnen,rail,1;2;3,n,@c9,"dow:Su;also:1914-05-21,1914-06-01",S-DRE-BOD,sl-rfrkuf_394077458-19140001:p74:23:23-c7-12-r0-26:h0c9,Eilzug
