alias_as_printed,family,station_id,src
Berlin Anh. Bf.,FKB,BER-ANH,sl-rfrkuf_394077458-19140001:p59:12:12-c12-17-r48-88:l0r48
Berlin Anh.Bf.,FKB,BER-ANH,sl-rfrkuf_394077458-19140001:p58:12:12-c0-5-r0-40:l0r40
BerlinAnh-Bf.,FKB,BER-ANH,sl-rfrkuf_394077458-19140001:p60:13:13-c0-6-r0-36:l0r36
Bodenb.,FKB,BODENBACH,sl-rfrkuf_394077458-19140001:p183:112:112-c15-22-r55-61:l0r60
Bodenbach,FKB,BODENBACH,sl-rfrkuf_394077458-19140001:p74:23:23-c0-6-r0-26:l0r14
Bodenbach K.K.St.B.,FKB,BODENBACH,sl-rfrkuf_394077458-19140001:p182:112:112-c0-7-r0-54:l0r0
Dr. Wettinerstr,FKB,DRE-WET,sl-rfrkuf_394077458-19140001:p61:13:13-c14-20-r44-80:l0r79
Dresd. Hbf.,FKB,DRE-HBF,sl-rfrkuf_394077458-19140001:p183:112:112-c15-22-r55-61:l0r61
Dresd. Wettinerstr.,FKB,DRE-WET,sl-rfrkuf_394077458-19140001:p58:12:12-c0-5-r0-40:l0r1
Dresden Hbf,FKB,DRE-HBF,sl-rfrkuf_394077458-19140001:p61:13:13-c14-20-r44-80:l0r80
Dresden Hbf.,FKB,DRE-HBF,sl-rfrkuf_394077458-19140001:p58:12:12-c0-5-r0-40:l0r0
Dresden Wettinerstr.,FKB,DRE-WET,sl-rfrkuf_394077458-19140001:p59:12:12-c12-17-r48-88:l0r87
Dresden-Neustadt,FKB,DRE-NEU,sl-rfrkuf_394077458-19140001:p58:12:12-c0-5-r0-40:l0r3
Prag (F.J.B.),FKB,PRG-FJB,sl-rfrkuf_394077458-19140001:p189:123:123-c0-4-r0-5:l0r3
Prag F. J. B.,FKB,PRG-FJB,sl-rfrkuf_394077458-19140001:p192:126:126-c1-8-r1-29:l0r29
Prag Stbf.,FKB,PRG-STB,sl-rfrkuf_394077458-19140001:p183:112:112-c15-22-r55-61:l0r58
Prag Stbhf.,FKB,PRG-STB,sl-rfrkuf_394077458-19140001:p182:112:112-c0-7-r0-54:l0r47
Prag Ö. N. W. B.,FKB,PRG-NWB,sl-rfrkuf_394077458-19140001:p192:126:126-c0-7-r31-43:l0r31
Tetsch. N.W.B.,FKB,TETSCHEN,sl-rfrkuf_394077458-19140001:p193:126:126-c20-27-r50-92:l0r91
Tetschen,FKB,TETSCHEN,sl-rfrkuf_394077458-19140001:p74:23:23-c0-6-r0-26:l0r26
Tetschen N.W.B.,FKB,TETSCHEN,sl-rfrkuf_394077458-19140001:p192:126:126-c1-8-r1-29:l0r2
Wien F.J.B.,FKB,WIE-FJB,sl-rfrkuf_394077458-19140001:p189:123:123-c0-4-r0-5:l0r5
Wien N W. Bf,FKB,WIE-NWB,sl-rfrkuf_394077458-19140001:p192:126:126-c0-7-r31-43:l0r43
Wien N. W. Bf.,FKB,WIE-NWB,sl-rfrkuf_394077458-19140001:p193:126:126-c20-27-r50-92:l0r50
Wien Nordb.,FKB,WIE-NB,sl-rfrkuf_394077458-19140001:p182:112:112-c0-7-r0-54:l0r53
Wien Staatsb,FKB,WIE-STB,sl-rfrkuf_394077458-19140001:p182:112:112-c0-7-r0-54:l0r54
Wien Staatsb.,FKB,WIE-STB,sl-rfrkuf_394077458-19140001:p183:112:112-c15-22-r55-61:l0r55
