station_id,name,city_id,country,railway_admin,is_frontier,frontier_pair_id,lat,lon,geo_src,src
BER-ANH,Berlin Anhalter Bahnhof,BERLIN,DE,Kgl. Preuß. Staatseisenbahnen,n,,52.5034,13.3816,"modern position (OpenStreetMap, approximate; validation aid only)",sl-rfrkuf_394077458-19140001:p59:12:12-c12-17-r48-88:l0r48
BODENBACH,Bodenbach,BODENBACH,AT,K. k. Direktion für die Linien der Staatseisenbahn-Gesellschaft; Kgl. Sächs. Staatseisenbahnen,n,,50.7737,14.1966,"modern position (OpenStreetMap, approximate; validation aid only)",sl-rfrkuf_394077458-19140001:p182:112:112-c0-7-r0-54:l0r0
DRE-HBF,Dresden Hauptbahnhof,DRESDEN,DE,Kgl. Sächs. Staatseisenbahnen,n,,51.0404,13.7320,"modern position (OpenStreetMap, approximate; validation aid only)",sl-rfrkuf_394077458-19140001:p58:12:12-c0-5-r0-40:l0r0
DRE-NEU,Dresden-Neustadt,DRESDEN,DE,Kgl. Sächs. Staatseisenbahnen,n,,51.0655,13.7409,"modern position (OpenStreetMap, approximate; validation aid only)",sl-rfrkuf_394077458-19140001:p58:12:12-c0-5-r0-40:l0r3
DRE-WET,Dresden Wettiner Straße,DRESDEN,DE,Kgl. Sächs. Staatseisenbahnen,n,,51.0567,13.7232,"modern position (OpenStreetMap, approximate; validation aid only)",sl-rfrkuf_394077458-19140001:p59:12:12-c12-17-r48-88:l0r87
PRG-FJB,Prag Franz-Josefs-Bahnhof,PRAG,AT,K. k. österreichische Staatsbahnen,n,,50.0832,14.4353,"modern position (OpenStreetMap, approximate; validation aid only)",sl-rfrkuf_394077458-19140001:p189:123:123-c0-4-r0-5:l0r3
PRG-NWB,Prag Nordwestbahnhof,PRAG,AT,K. k. Nordwestbahn-Direktion,n,,50.0950,14.4400,"modern position (OpenStreetMap, approximate; validation aid only)",sl-rfrkuf_394077458-19140001:p192:126:126-c0-7-r31-43:l0r31
PRG-STB,Prag Staatsbahnhof,PRAG,AT,K. k. Direktion für die Linien der Staatseisenbahn-Gesellschaft,n,,50.0889,14.4337,"modern position (OpenStreetMap, approximate; validation aid only)",sl-rfrkuf_394077458-19140001:p182:112:112-c0-7-r0-54:l0r47
TETSCHEN,Tetschen Nordwestbahnhof,TETSCHEN,AT,K. k. Nordwestbahn-Direktion,n,,50.7786,14.2175,"modern position (OpenStreetMap, approximate; validation aid only)",sl-rfrkuf_394077458-19140001:p192:126:126-c1-8-r1-29:l0r2
WIE-FJB,Wien Franz-Josefs-Bahnhof,WIEN,AT,K. k. österreichische Staatsbahnen,n,,48.2252,16.3605,"modern position (OpenStreetMap, approximate; validation aid only)",sl-rfrkuf_394077458-19140001:p189:123:123-c0-4-r0-5:l0r5
WIE-NB,Wien Nordbahnhof,WIEN,AT,,n,,48.2187,16.3922,"modern position (OpenStreetMap, approximate; validation aid only)",sl-rfrkuf_394077458-19140001:p182:112:112-c0-7-r0-54:l0r53
WIE-NWB,Wien Nordwestbahnhof,WIEN,AT,K. k. Nordwestbahn-Direktion,n,,48.2268,16.3786,"modern position (OpenStreetMap, approximate; validation aid only)",sl-rfrkuf_394077458-19140001:p193:126:126-c20-27-r50-92:l0r50
WIE-STB,Wien Staatsbahnhof,WIEN,AT,K. k. Direktion für die Linien der Staatseisenbahn-Gesellschaft,n,,48.1873,16.3801,"modern position (OpenStreetMap, approximate; validation aid only)",sl-rfrkuf_394077458-19140001:p183:112:112-c15-22-r55-61:l0r55
