station_id,zone_id,from,to,src
BER-ANH,DE-MEZ-rail,1914-05-01,,sl-rfrkuf_394077458-19140001:p74:23:-:-
BODENBACH,AT-MEZ-rail,1914-05-01,,sl-rfrkuf_394077458-19140001:p74:23:-:-
DRE-HBF,DE-MEZ-rail,1914-05-01,,sl-rfrkuf_394077458-19140001:p74:23:-:-
DRE-NEU,DE-MEZ-rail,1914-05-01,,sl-rfrkuf_394077458-19140001:p74:23:-:-
DRE-WET,DE-MEZ-rail,1914-05-01,,sl-rfrkuf_394077458-19140001:p74:23:-:-
PRG-FJB,AT-MEZ-rail,1914-05-01,,sl-rfrkuf_394077458-19140001:p74:23:-:-
PRG-NWB,AT-MEZ-rail,1914-05-01,,sl-rfrkuf_394077458-19140001:p74:23:-:-
PRG-STB,AT-MEZ-rail,1914-05-01,,sl-rfrkuf_394077458-19140001:p74:23:-:-
TETSCHEN,AT-MEZ-rail,1914-05-01,,sl-rfrkuf_394077458-19140001:p74:23:-:-
WIE-FJB,AT-MEZ-rail,1914-05-01,,sl-rfrkuf_394077458-19140001:p74:23:-:-
WIE-NB,AT-MEZ-rail,1914-05-01,,sl-rfrkuf_394077458-19140001:p74:23:-:-
WIE-NWB,AT-MEZ-rail,1914-05-01,,sl-rfrkuf_394077458-19140001:p74:23:-:-
WIE-STB,AT-MEZ-rail,1914-05-01,,sl-rfrkuf_394077458-19140001:p74:23:-:-
