service_id,seq,station_id,arr_local,dep_local,arr_dayoff,dep_dayoff,raw_arr,raw_dep,flags,status,src
FKB1914-SO.112.c0,1,BODENBACH,,02:30,,0,,2 30,,agree,sl-rfrkuf_394077458-19140001:p182:112:112-c0-7-r0-54:c0r0
FKB1914-SO.112.c0,2,PRG-STB,05:50,,0,,5 50,,,agree,sl-rfrkuf_394077458-19140001:p182:112:112-c0-7-r0-54:c0r47
FKB1914-SO.112.c0,3,WIE-STB,18:48,,0,,6 48,,,agree,sl-rfrkuf_394077458-19140001:p182:112:112-c0-7-r0-54:c0r54
FKB1914-SO.112.c1.r53,1,BODENBACH,,04:05,,0,,4 05,,agree,sl-rfrkuf_394077458-19140001:p182:112:112-c0-7-r0-54:c1r0
FKB1914-SO.112.c1.r53,2,PRG-STB,06:22,,0,,6 22,,,agree,sl-rfrkuf_394077458-19140001:p182:112:112-c0-7-r0-54:c1r47
FKB1914-SO.112.c1.r53,3,WIE-NB,14:05,,0,,2 05,,,agree,sl-rfrkuf_394077458-19140001:p182:112:112-c0-7-r0-54:c1r53
FKB1914-SO.112.c1.r54,1,BODENBACH,,04:05,,0,,4 05,,agree,sl-rfrkuf_394077458-19140001:p182:112:112-c0-7-r0-54:c1r0
FKB1914-SO.112.c1.r54,2,PRG-STB,06:22,,0,,6 22,,,agree,sl-rfrkuf_394077458-19140001:p182:112:112-c0-7-r0-54:c1r47
FKB1914-SO.112.c1.r54,3,WIE-STB,17:15,,0,,5 15,,,agree,sl-rfrkuf_394077458-19140001:p182:112:112-c0-7-r0-54:c1r54
FKB1914-SO.112.c10.r53,1,BODENBACH,,15:12,,0,,3 12,,resolved,sl-rfrkuf_394077458-19140001:p182:112:112-c8-14-r0-54:c10r0
FKB1914-SO.112.c10.r53,2,PRG-STB,18:50,,0,,6 50,,,resolved,sl-rfrkuf_394077458-19140001:p182:112:112-c8-14-r0-54:c10r47
FKB1914-SO.112.c10.r53,3,WIE-NB,07:48,,1,,7 48,,,resolved,sl-rfrkuf_394077458-19140001:p182:112:112-c8-14-r0-54:c10r53
FKB1914-SO.112.c10.r54,1,BODENBACH,,15:12,,0,,3 12,,resolved,sl-rfrkuf_394077458-19140001:p182:112:112-c8-14-r0-54:c10r0
FKB1914-SO.112.c10.r54,2,PRG-STB,18:50,,0,,6 50,,,resolved,sl-rfrkuf_394077458-19140001:p182:112:112-c8-14-r0-54:c10r47
FKB1914-SO.112.c10.r54,3,WIE-STB,08:35,,1,,8 35,,,resolved,sl-rfrkuf_394077458-19140001:p182:112:112-c8-14-r0-54:c10r54
FKB1914-SO.112.c11.r53,1,PRG-STB,19:25,,0,,7 25,,,resolved,sl-rfrkuf_394077458-19140001:p182:112:112-c8-14-r0-54:c11r47
FKB1914-SO.112.c11.r53,2,WIE-NB,09:55,,1,,9 55,,,resolved,sl-rfrkuf_394077458-19140001:p182:112:112-c8-14-r0-54:c11r53
FKB1914-SO.112.c11.r54,1,PRG-STB,19:25,,0,,7 25,,,resolved,sl-rfrkuf_394077458-19140001:p182:112:112-c8-14-r0-54:c11r47
FKB1914-SO.112.c11.r54,2,WIE-STB,11:15,,1,,11 15,,,resolved,sl-rfrkuf_394077458-19140001:p182:112:112-c8-14-r0-54:c11r54
FKB1914-SO.112.c12,1,BODENBACH,,18:33,,0,,6 33,,resolved,sl-rfrkuf_394077458-19140001:p182:112:112-c8-14-r0-54:c12r0
FKB1914-SO.112.c12,2,PRG-STB,22:30,,0,,10 30,,,resolved,sl-rfrkuf_394077458-19140001:p182:112:112-c8-14-r0-54:c12r47
FKB1914-SO.112.c13.r53,1,BODENBACH,,20:28,,0,,8 28,,resolved,sl-rfrkuf_394077458-19140001:p182:112:112-c8-14-r0-54:c13r0
FKB1914-SO.112.c13.r53,2,PRG-STB,22:57,,0,,10 57,,,agree,sl-rfrkuf_394077458-19140001:p182:112:112-c8-14-r0-54:c13r47
FKB1914-SO.112.c13.r53,3,WIE-NB,07:48,,1,,7 48,,,resolved,sl-rfrkuf_394077458-19140001:p182:112:112-c8-14-r0-54:c13r53
FKB1914-SO.112.c13.r54,1,BODENBACH,,20:28,,0,,8 28,,resolved,sl-rfrkuf_394077458-19140001:p182:112:112-c8-14-r0-54:c13r0
FKB1914-SO.112.c13.r54,2,PRG-STB,22:57,,0,,10 57,,,agree,sl-rfrkuf_394077458-19140001:p182:112:112-c8-14-r0-54:c13r47
FKB1914-SO.112.c13.r54,3,WIE-STB,06:55,,1,,6 55,,,resolved,sl-rfrkuf_394077458-19140001:p182:112:112-c8-14-r0-54:c13r54
FKB1914-SO.112.c14,1,BODENBACH,,22:45,,0,,10 45,,resolved,sl-rfrkuf_394077458-19140001:p182:112:112-c8-14-r0-54:c14r0
FKB1914-SO.112.c14,2,PRG-STB,18:10,,1,,6 10,,,agree,sl-rfrkuf_394077458-19140001:p182:112:112-c8-14-r0-54:c14r47
FKB1914-SO.112.c15,1,PRG-STB,,06:37,,0,,6 37,,agree,sl-rfrkuf_394077458-19140001:p183:112:112-c15-22-r55-61:c15r58
FKB1914-SO.112.c15,2,BODENBACH,07:28,,0,,7 28,,,resolved,sl-rfrkuf_394077458-19140001:p183:112:112-c15-22-r55-61:c15r60
FKB1914-SO.112.c15,3,DRE-HBF,09:39,,0,,9 39,,,agree,sl-rfrkuf_394077458-19140001:p183:112:112-c15-22-r55-61:c15r61
FKB1914-SO.112.c16.r55,1,WIE-STB,,22:00,,0,,10 00,,agree,sl-rfrkuf_394077458-19140001:p183:112:112-c15-22-r55-61:c16r55
FKB1914-SO.112.c16.r55,2,PRG-STB,,05:55,,1,,5 55,,agree,sl-rfrkuf_394077458-19140001:p183:112:112-c15-22-r55-61:c16r58
FKB1914-SO.112.c16.r55,3,BODENBACH,08:15,,1,,8 15,,,agree,sl-rfrkuf_394077458-19140001:p183:112:112-c15-22-r55-61:c16r60
FKB1914-SO.112.c16.r55,4,DRE-HBF,09:39,,1,,9 39,,,agree,sl-rfrkuf_394077458-19140001:p183:112:112-c15-22-r55-61:c16r61
FKB1914-SO.112.c16.r56,1,WIE-NB,,21:35,,0,,9 35,,agree,sl-rfrkuf_394077458-19140001:p183:112:112-c15-22-r55-61:c16r56
FKB1914-SO.112.c16.r56,2,PRG-STB,,05:55,,1,,5 55,,agree,sl-rfrkuf_394077458-19140001:p183:112:112-c15-22-r55-61:c16r58
FKB1914-SO.112.c16.r56,3,BODENBACH,08:15,,1,,8 15,,,agree,sl-rfrkuf_394077458-19140001:p183:112:112-c15-22-r55-61:c16r60
FKB1914-SO.112.c16.r56,4,DRE-HBF,09:39,,1,,9 39,,,agree,sl-rfrkuf_394077458-19140001:p183:112:112-c15-22-r55-61:c16r61
FKB1914-SO.112.c17.r55,1,WIE-STB,,18:30,,0,,6 30,,resolved,sl-rfrkuf_394077458-19140001:p183:112:112-c15-22-r55-61:c17r55
FKB1914-SO.112.c17.r55,2,PRG-STB,,07:31,,1,,7 31,,resolved,sl-rfrkuf_394077458-19140001:p183:112:112-c15-22-r55-61:c17r58
FKB1914-SO.112.c17.r55,3,BODENBACH,11:37,,1,,11 37,,,resolved,sl-rfrkuf_394077458-19140001:p183:112:112-c15-22-r55-61:c17r60
FKB1914-SO.112.c17.r55,4,DRE-HBF,13:10,,1,,1 10,,,resolved,sl-rfrkuf_394077458-19140001:p183:112:112-c15-22-r55-61:c17r61
FKB1914-SO.112.c17.r56,1,WIE-NB,,,,,,7 ?8,,illegible,sl-rfrkuf_394077458-19140001:p183:112:112-c15-22-r55-61:c17r56
FKB1914-SO.112.c17.r56,2,PRG-STB,,07:31,,0,,7 31,,resolved,sl-rfrkuf_394077458-19140001:p183:112:112-c15-22-r55-61:c17r58
FKB1914-SO.112.c17.r56,3,BODENBACH,11:37,,0,,11 37,,,resolved,sl-rfrkuf_394077458-19140001:p183:112:112-c15-22-r55-61:c17r60
FKB1914-SO.112.c17.r56,4,DRE-HBF,13:10,,0,,1 10,,,resolved,sl-rfrkuf_394077458-19140001:p183:112:112-c15-22-r55-61:c17r61
FKB1914-SO.112.c2,1,PRG-STB,07:28,,0,,7 28,,,agree,sl-rfrkuf_394077458-19140001:p182:112:112-c0-7-r0-54:c2r47
FKB1914-SO.112.c2,2,WIE-STB,18:48,,0,,6 48,,,agree,sl-rfrkuf_394077458-19140001:p182:112:112-c0-7-r0-54:c2r54
FKB1914-SO.112.c20,1,WIE-NB,,22:40,,0,,10 40,,resolved,sl-rfrkuf_394077458-19140001:p183:112:112-c15-22-r55-61:c20r56
FKB1914-SO.112.c20,2,PRG-STB,,12:35,,1,,12 35,,agree,sl-rfrkuf_394077458-19140001:p183:112:112-c15-22-r55-61:c20r58
FKB1914-SO.112.c20,3,BODENBACH,14:40,,1,,2 40,,,agree,sl-rfrkuf_394077458-19140001:p183:112:112-c15-22-r55-61:c20r60
FKB1914-SO.112.c20,4,DRE-HBF,,,,,3 ?2,,,illegible,sl-rfrkuf_394077458-19140001:p183:112:112-c15-22-r55-61:c20r61
FKB1914-SO.112.c23.r55,1,WIE-STB,,05:52,,0,,5 52,,agree,sl-rfrkuf_394077458-19140001:p183:112:112-c23-29-r55-61:c23r55
FKB1914-SO.112.c23.r55,2,PRG-STB,,14:56,,0,,2 56,,agree,sl-rfrkuf_394077458-19140001:p183:112:112-c23-29-r55-61:c23r58
FKB1914-SO.112.c23.r55,3,BODENBACH,17:20,,0,,5 20,,,agree,sl-rfrkuf_394077458-19140001:p183:112:112-c23-29-r55-61:c23r60
FKB1914-SO.112.c23.r55,4,DRE-HBF,18:53,,0,,6 53,,,agree,sl-rfrkuf_394077458-19140001:p183:112:112-c23-29-r55-61:c23r61
FKB1914-SO.112.c23.r56,1,WIE-NB,,07:49,,0,,7 49,,agree,sl-rfrkuf_394077458-19140001:p183:112:112-c23-29-r55-61:c23r56
FKB1914-SO.112.c23.r56,2,PRG-STB,,14:56,,0,,2 56,,agree,sl-rfrkuf_394077458-19140001:p183:112:112-c23-29-r55-61:c23r58
FKB1914-SO.112.c23.r56,3,BODENBACH,17:20,,0,,5 20,,,agree,sl-rfrkuf_394077458-19140001:p183:112:112-c23-29-r55-61:c23r60
FKB1914-SO.112.c23.r56,4,DRE-HBF,18:53,,0,,6 53,,,agree,sl-rfrkuf_394077458-19140001:p183:112:112-c23-29-r55-61:c23r61
FKB1914-SO.112.c24,1,PRG-STB,,13:55,,0,,1 55,,agree,sl-rfrkuf_394077458-19140001:p183:112:112-c23-29-r55-61:c24r58
FKB1914-SO.112.c24,2,BODENBACH,19:55,,0,,7 55,,,resolved,sl-rfrkuf_394077458-19140001:p183:112:112-c23-29-r55-61:c24r60
FKB1914-SO.112.c24,3,DRE-HBF,21:47,,0,,9 47,,,resolved,sl-rfrkuf_394077458-19140001:p183:112:112-c23-29-r55-61:c24r61
FKB1914-SO.112.c25.r55,1,WIE-STB,,11:35,,0,,11 35,,resolved,sl-rfrkuf_394077458-19140001:p183:112:112-c23-29-r55-61:c25r55
FKB1914-SO.112.c25.r55,2,PRG-STB,,18:18,,0,,6 18,,resolved,sl-rfrkuf_394077458-19140001:p183:112:112-c23-29-r55-61:c25r58
FKB1914-SO.112.c25.r56,1,WIE-NB,,14:25,,0,,2 25,,resolved,sl-rfrkuf_394077458-19140001:p183:112:112-c23-29-r55-61:c25r56
FKB1914-SO.112.c25.r56,2,PRG-STB,,18:18,,0,,6 18,,resolved,sl-rfrkuf_394077458-19140001:p183:112:112-c23-29-r55-61:c25r58
FKB1914-SO.112.c26,1,PRG-STB,,18:55,,0,,6 55,,resolved,sl-rfrkuf_394077458-19140001:p183:112:112-c23-29-r55-61:c26r58
FKB1914-SO.112.c26,2,BODENBACH,22:10,,0,,10 10,,,resolved,sl-rfrkuf_394077458-19140001:p183:112:112-c23-29-r55-61:c26r60
FKB1914-SO.112.c26,3,DRE-HBF,00:09,,1,,12 09,,,resolved,sl-rfrkuf_394077458-19140001:p183:112:112-c23-29-r55-61:c26r61
FKB1914-SO.112.c27,1,WIE-STB,,07:50,,0,,7 50,,agree,sl-rfrkuf_394077458-19140001:p183:112:112-c23-29-r55-61:c27r55
FKB1914-SO.112.c27,2,PRG-STB,,20:10,,0,,8 10,,resolved,sl-rfrkuf_394077458-19140001:p183:112:112-c23-29-r55-61:c27r58
FKB1914-SO.112.c27,3,BODENBACH,00:06,,1,,12 06,,,resolved,sl-rfrkuf_394077458-19140001:p183:112:112-c23-29-r55-61:c27r60
FKB1914-SO.112.c27,4,DRE-HBF,02:25,,1,,2 25,,,resolved,sl-rfrkuf_394077458-19140001:p183:112:112-c23-29-r55-61:c27r61
FKB1914-SO.112.c28.r55,1,WIE-STB,,11:35,,0,,11 35,,resolved,sl-rfrkuf_394077458-19140001:p183:112:112-c23-29-r55-61:c28r55
FKB1914-SO.112.c28.r55,2,PRG-STB,,22:35,,0,,10 35,,agree,sl-rfrkuf_394077458-19140001:p183:112:112-c23-29-r55-61:c28r58
FKB1914-SO.112.c28.r55,3,BODENBACH,00:58,,1,,12 58,,,resolved,sl-rfrkuf_394077458-19140001:p183:112:112-c23-29-r55-61:c28r60
FKB1914-SO.112.c28.r55,4,DRE-HBF,02:25,,1,,2 25,,,resolved,sl-rfrkuf_394077458-19140001:p183:112:112-c23-29-r55-61:c28r61
FKB1914-SO.112.c28.r56,1,WIE-NB,,14:25,,0,,2 25,,resolved,sl-rfrkuf_394077458-19140001:p183:112:112-c23-29-r55-61:c28r56
FKB1914-SO.112.c28.r56,2,PRG-STB,,22:35,,0,,10 35,,agree,sl-rfrkuf_394077458-19140001:p183:112:112-c23-29-r55-61:c28r58
FKB1914-SO.112.c28.r56,3,BODENBACH,00:58,,1,,12 58,,,resolved,sl-rfrkuf_394077458-19140001:p183:112:112-c23-29-r55-61:c28r60
FKB1914-SO.112.c28.r56,4,DRE-HBF,02:25,,1,,2 25,,,resolved,sl-rfrkuf_394077458-19140001:p183:112:112-c23-29-r55-61:c28r61
FKB1914-SO.112.c29,1,WIE-STB,,07:50,,0,,7 50,,agree,sl-rfrkuf_394077458-19140001:p183:112:112-c23-29-r55-61:c29r55
FKB1914-SO.112.c29,2,PRG-STB,,23:47,,0,,11 47,,resolved,sl-rfrkuf_394077458-19140001:p183:112:112-c23-29-r55-61:c29r58
FKB1914-SO.112.c4.r53,1,BODENBACH,,05:45,,0,,5 45,,resolved,sl-rfrkuf_394077458-19140001:p182:112:112-c0-7-r0-54:c4r0
FKB1914-SO.112.c4.r53,2,PRG-STB,10:19,,0,,10 19,,,resolved,sl-rfrkuf_394077458-19140001:p182:112:112-c0-7-r0-54:c4r47
FKB1914-SO.112.c4.r53,3,WIE-NB,18:28,,0,,6 28,,,resolved,sl-rfrkuf_394077458-19140001:p182:112:112-c0-7-r0-54:c4r53
FKB1914-SO.112.c4.r54,1,BODENBACH,,05:45,,0,,5 45,,resolved,sl-rfrkuf_394077458-19140001:p182:112:112-c0-7-r0-54:c4r0
FKB1914-SO.112.c4.r54,2,PRG-STB,10:19,,0,,10 19,,,resolved,sl-rfrkuf_394077458-19140001:p182:112:112-c0-7-r0-54:c4r47
FKB1914-SO.112.c4.r54,3,WIE-STB,22:00,,0,,10 00,,,resolved,sl-rfrkuf_394077458-19140001:p182:112:112-c0-7-r0-54:c4r54
FKB1914-SO.112.c5,1,BODENBACH,,08:47,,0,,8 47,,agree,sl-rfrkuf_394077458-19140001:p182:112:112-c0-7-r0-54:c5r0
FKB1914-SO.112.c5,2,PRG-STB,11:05,,0,,11 05,,,agree,sl-rfrkuf_394077458-19140001:p182:112:112-c0-7-r0-54:c5r47
FKB1914-SO.112.c7.r53,1,BODENBACH,,10:20,,0,,10 20,,resolved,sl-rfrkuf_394077458-19140001:p182:112:112-c0-7-r0-54:c7r0
FKB1914-SO.112.c7.r53,2,PRG-STB,16:02,,0,,4 02,,,resolved,sl-rfrkuf_394077458-19140001:p182:112:112-c0-7-r0-54:c7r47
FKB1914-SO.112.c7.r53,3,WIE-NB,07:48,,1,,7 48,,,resolved,sl-rfrkuf_394077458-19140001:p182:112:112-c0-7-r0-54:c7r53
FKB1914-SO.112.c7.r54,1,BODENBACH,,10:20,,0,,10 20,,resolved,sl-rfrkuf_394077458-19140001:p182:112:112-c0-7-r0-54:c7r0
FKB1914-SO.112.c7.r54,2,PRG-STB,16:02,,0,,4 02,,,resolved,sl-rfrkuf_394077458-19140001:p182:112:112-c0-7-r0-54:c7r47
FKB1914-SO.112.c7.r54,3,WIE-STB,06:35,,1,,6 35,,,resolved,sl-rfrkuf_394077458-19140001:p182:112:112-c0-7-r0-54:c7r54
FKB1914-SO.112.c8,1,BODENBACH,,13:02,,0,,1 02,,resolved,sl-rfrkuf_394077458-19140001:p182:112:112-c8-14-r0-54:c8r0
FKB1914-SO.112.c8,2,PRG-STB,15:21,,0,,3 21,,,agree,sl-rfrkuf_394077458-19140001:p182:112:112-c8-14-r0-54:c8r47
FKB1914-SO.112.c8,3,WIE-NB,22:28,,0,,10 28,,,agree,sl-rfrkuf_394077458-19140001:p182:112:112-c8-14-r0-54:c8r53
FKB1914-SO.112.c9.r53,1,BODENBACH,,13:23,,0,,1 23,,agree,sl-rfrkuf_394077458-19140001:p182:112:112-c8-14-r0-54:c9r0
FKB1914-SO.112.c9.r53,2,PRG-STB,17:29,,0,,5 29,,,resolved,sl-rfrkuf_394077458-19140001:p182:112:112-c8-14-r0-54:c9r47
FKB1914-SO.112.c9.r53,3,WIE-NB,04:45,,1,,4 45,,,resolved,sl-rfrkuf_394077458-19140001:p182:112:112-c8-14-r0-54:c9r53
FKB1914-SO.112.c9.r54,1,BODENBACH,,13:23,,0,,1 23,,agree,sl-rfrkuf_394077458-19140001:p182:112:112-c8-14-r0-54:c9r0
FKB1914-SO.112.c9.r54,2,PRG-STB,17:29,,0,,5 29,,,resolved,sl-rfrkuf_394077458-19140001:p182:112:112-c8-14-r0-54:c9r47
FKB1914-SO.112.c9.r54,3,WIE-STB,06:35,,1,,6 35,,,agree,sl-rfrkuf_394077458-19140001:p182:112:112-c8-14-r0-54:c9r54
FKB1914-SO.12.c0,1,DRE-HBF,,02:42,,0,,2 42,,resolved,sl-rfrkuf_394077458-19140001:p58:12:12-c0-3-r0-40-v2:c0r0
FKB1914-SO.12.c0,2,DRE-WET,,02:47,,0,,2 47,,resolved,sl-rfrkuf_394077458-19140001:p58:12:12-c0-3-r0-40-v2:c0r1
FKB1914-SO.12.c0,3,DRE-NEU,02:50,02:54,0,0,2 50,2 54,,resolved,sl-rfrkuf_394077458-19140001:p58:12:12-c0-3-r0-40-v2:c0r2-3
FKB1914-SO.12.c0,4,BER-ANH,07:25,,0,,7 25,,,resolved,sl-rfrkuf_394077458-19140001:p58:12:12-c0-3-r0-40-v2:c0r40
FKB1914-SO.12.c1,1,DRE-HBF,,05:45,,0,,5 45,,agree,sl-rfrkuf_394077458-19140001:p58:12:12-c0-3-r0-40-v2:c1r0
FKB1914-SO.12.c1,2,DRE-WET,,05:50,,0,,5 50,,agree,sl-rfrkuf_394077458-19140001:p58:12:12-c0-3-r0-40-v2:c1r1
FKB1914-SO.12.c1,3,DRE-NEU,05:53,05:55,0,0,5 53,5 55,,agree,sl-rfrkuf_394077458-19140001:p58:12:12-c0-3-r0-40-v2:c1r2-3
FKB1914-SO.12.c11,1,DRE-HBF,,21:54,,0,,9 54,,resolved,sl-rfrkuf_394077458-19140001:p58:12:12-c8-11-r0-40-v2:c11r0
FKB1914-SO.12.c11,2,DRE-WET,,21:59,,0,,9 59,,resolved,sl-rfrkuf_394077458-19140001:p58:12:12-c8-11-r0-40-v2:c11r1
FKB1914-SO.12.c11,3,DRE-NEU,22:02,22:04,0,0,10 02,10 04,,resolved,sl-rfrkuf_394077458-19140001:p58:12:12-c8-11-r0-40-v2:c11r2-3
FKB1914-SO.12.c11,4,BER-ANH,02:09,,1,,2 09,,,resolved,sl-rfrkuf_394077458-19140001:p58:12:12-c8-11-r0-40-v2:c11r40
FKB1914-SO.12.c12,1,DRE-NEU,07:58,08:01,0,0,7 58,8 01,,resolved,sl-rfrkuf_394077458-19140001:p59:12:12-c12-15-r48-88-v2:c12r85-86
FKB1914-SO.12.c12,2,DRE-WET,08:04,,0,,8 04,,,resolved,sl-rfrkuf_394077458-19140001:p59:12:12-c12-15-r48-88-v2:c12r87
FKB1914-SO.12.c12,3,DRE-HBF,08:09,,0,,8 09,,,resolved,sl-rfrkuf_394077458-19140001:p59:12:12-c12-15-r48-88-v2:c12r88
FKB1914-SO.12.c13,1,BER-ANH,,05:35,,0,,5 35,,agree,sl-rfrkuf_394077458-19140001:p59:12:12-c12-15-r48-88-v2:c13r48
FKB1914-SO.12.c13,2,DRE-NEU,10:48,10:50,0,0,10 48,10 50,,agree,sl-rfrkuf_394077458-19140001:p59:12:12-c12-15-r48-88-v2:c13r85-86
FKB1914-SO.12.c13,3,DRE-WET,10:53,,0,,10 53,,,agree,sl-rfrkuf_394077458-19140001:p59:12:12-c12-15-r48-88-v2:c13r87
FKB1914-SO.12.c13,4,DRE-HBF,10:58,,0,,10 58,,,agree,sl-rfrkuf_394077458-19140001:p59:12:12-c12-15-r48-88-v2:c13r88
FKB1914-SO.12.c14,1,BER-ANH,,06:53,,0,,6 53,,agree,sl-rfrkuf_394077458-19140001:p59:12:12-c12-15-r48-88-v2:c14r48
FKB1914-SO.12.c14,2,DRE-NEU,09:40,09:41,0,0,9 40,9 41,,agree,sl-rfrkuf_394077458-19140001:p59:12:12-c12-15-r48-88-v2:c14r85-86
FKB1914-SO.12.c14,3,DRE-HBF,09:47,,0,,9 47,,,agree,sl-rfrkuf_394077458-19140001:p59:12:12-c12-15-r48-88-v2:c14r88
FKB1914-SO.12.c15,1,BER-ANH,,06:15,,0,,6 15,,resolved,sl-rfrkuf_394077458-19140001:p59:12:12-c12-15-r48-88-v2:c15r48
FKB1914-SO.12.c15,2,DRE-NEU,12:15,12:18,0,0,12 15,12 18,,resolved,sl-rfrkuf_394077458-19140001:p59:12:12-c12-15-r48-88-v2:c15r85-86
FKB1914-SO.12.c15,3,DRE-WET,12:21,,0,,12 21,,,resolved,sl-rfrkuf_394077458-19140001:p59:12:12-c12-15-r48-88-v2:c15r87
FKB1914-SO.12.c15,4,DRE-HBF,12:26,,0,,12 26,,,resolved,sl-rfrkuf_394077458-19140001:p59:12:12-c12-15-r48-88-v2:c15r88
FKB1914-SO.12.c16,1,BER-ANH,,12:10,,0,,12 10,,resolved,sl-rfrkuf_394077458-19140001:p59:12:12-c16-19-r48-88-v2:c16r48
FKB1914-SO.12.c16,2,DRE-NEU,16:38,16:41,0,0,4 38,4 41,,resolved,sl-rfrkuf_394077458-19140001:p59:12:12-c16-19-r48-88-v2:c16r85-86
FKB1914-SO.12.c16,3,DRE-WET,16:44,,0,,4 44,,,resolved,sl-rfrkuf_394077458-19140001:p59:12:12-c16-19-r48-88-v2:c16r87
FKB1914-SO.12.c16,4,DRE-HBF,16:49,,0,,4 49,,,resolved,sl-rfrkuf_394077458-19140001:p59:12:12-c16-19-r48-88-v2:c16r88
FKB1914-SO.12.c17,1,BER-ANH,,16:28,,0,,4 28,,agree,sl-rfrkuf_394077458-19140001:p59:12:12-c16-19-r48-88-v2:c17r48
FKB1914-SO.12.c17,2,DRE-NEU,18:49,18:50,0,0,6 49,6 50,,agree,sl-rfrkuf_394077458-19140001:p59:12:12-c16-19-r48-88-v2:c17r85-86
FKB1914-SO.12.c17,3,DRE-HBF,18:56,,0,,6 56,,,agree,sl-rfrkuf_394077458-19140001:p59:12:12-c16-19-r48-88-v2:c17r88
FKB1914-SO.12.c2,1,DRE-HBF,,07:20,,0,,7 20,,agree,sl-rfrkuf_394077458-19140001:p58:12:12-c0-3-r0-40-v2:c2r0
FKB1914-SO.12.c2,2,DRE-NEU,07:26,07:28,0,0,7 26,7 28,,agree,sl-rfrkuf_394077458-19140001:p58:12:12-c0-3-r0-40-v2:c2r2-3
FKB1914-SO.12.c2,3,BER-ANH,10:21,,0,,10 21,,,agree,sl-rfrkuf_394077458-19140001:p58:12:12-c0-3-r0-40-v2:c2r40
FKB1914-SO.12.c20,1,BER-ANH,,18:43,,0,,6 43,,agree,sl-rfrkuf_394077458-19140001:p59:12:12-c20-23-r48-88-v2:c20r48
FKB1914-SO.12.c20,2,DRE-NEU,21:40,21:42,0,0,9 40,9 42,,agree,sl-rfrkuf_394077458-19140001:p59:12:12-c20-23-r48-88-v2:c20r85-86
FKB1914-SO.12.c20,3,DRE-HBF,21:48,,0,,9 48,,,agree,sl-rfrkuf_394077458-19140001:p59:12:12-c20-23-r48-88-v2:c20r88
FKB1914-SO.12.c21,1,BER-ANH,,19:25,,0,,7 25,,resolved,sl-rfrkuf_394077458-19140001:p59:12:12-c20-23-r48-88-v2:c21r48
FKB1914-SO.12.c21,2,DRE-NEU,00:06,00:08,1,1,12 06,12 08,,resolved,sl-rfrkuf_394077458-19140001:p59:12:12-c20-23-r48-88-v2:c21r85-86
FKB1914-SO.12.c21,3,DRE-WET,00:11,,1,,12 11,,,resolved,sl-rfrkuf_394077458-19140001:p59:12:12-c20-23-r48-88-v2:c21r87
FKB1914-SO.12.c21,4,DRE-HBF,00:16,,1,,12 16,,,resolved,sl-rfrkuf_394077458-19140001:p59:12:12-c20-23-r48-88-v2:c21r88
FKB1914-SO.12.c22,1,BER-ANH,,23:13,,0,,11 13,,agree,sl-rfrkuf_394077458-19140001:p59:12:12-c20-23-r48-88-v2:c22r48
FKB1914-SO.12.c22,2,DRE-NEU,02:09,02:10,1,1,2 09,2 10,,agree,sl-rfrkuf_394077458-19140001:p59:12:12-c20-23-r48-88-v2:c22r85-86
FKB1914-SO.12.c22,3,DRE-HBF,02:16,,1,,2 16,,,agree,sl-rfrkuf_394077458-19140001:p59:12:12-c20-23-r48-88-v2:c22r88
FKB1914-SO.12.c7,1,DRE-HBF,,16:20,,0,,4 20,,agree,sl-rfrkuf_394077458-19140001:p58:12:12-c4-7-r0-40-v2:c7r0
FKB1914-SO.12.c7,2,DRE-NEU,16:26,16:27,0,0,4 26,4 27,,agree,sl-rfrkuf_394077458-19140001:p58:12:12-c4-7-r0-40-v2:c7r2-3
FKB1914-SO.12.c7,3,BER-ANH,18:51,,0,,6 51,,,agree,sl-rfrkuf_394077458-19140001:p58:12:12-c4-7-r0-40-v2:c7r40
FKB1914-SO.12.c9,1,DRE-HBF,,19:13,,0,,7 13,,resolved,sl-rfrkuf_394077458-19140001:p58:12:12-c8-11-r0-40-v2:c9r0
FKB1914-SO.12.c9,2,DRE-NEU,19:21,19:23,0,0,7 21,7 23,,agree,sl-rfrkuf_394077458-19140001:p58:12:12-c8-11-r0-40-v2:c9r2-3
FKB1914-SO.12.c9,3,BER-ANH,22:27,,0,,10 27,,,resolved,sl-rfrkuf_394077458-19140001:p58:12:12-c8-11-r0-40-v2:c9r40
FKB1914-SO.123.c10,1,PRG-FJB,,01:23,,0,,1 23,,agree,sl-rfrkuf_394077458-19140001:p189:123:123-c10-14-r0-5-v2:c10r3
FKB1914-SO.123.c10,2,BODENBACH,,,,,4 10,,,illegible,sl-rfrkuf_394077458-19140001:p189:123:123-c10-14-r0-5-v2:c10r1
FKB1914-SO.123.c10,3,DRE-HBF,,,,,5 26,,,illegible,sl-rfrkuf_394077458-19140001:p189:123:123-c10-14-r0-5-v2:c10r0
FKB1914-SO.123.c11,1,WIE-FJB,,20:30,,0,,8 30,,resolved,sl-rfrkuf_394077458-19140001:p189:123:123-c10-14-r0-5-v2:c11r5
FKB1914-SO.123.c11,2,PRG-FJB,,06:45,,1,,6 45,,resolved,sl-rfrkuf_394077458-19140001:p189:123:123-c10-14-r0-5-v2:c11r3
FKB1914-SO.123.c11,3,BODENBACH,11:37,,1,,11 37,,,resolved,sl-rfrkuf_394077458-19140001:p189:123:123-c10-14-r0-5-v2:c11r1
FKB1914-SO.123.c11,4,DRE-HBF,13:10,,1,,1 10,,,agree,sl-rfrkuf_394077458-19140001:p189:123:123-c10-14-r0-5-v2:c11r0
FKB1914-SO.123.c12,1,WIE-FJB,,21:05,,0,,9 05,,resolved,sl-rfrkuf_394077458-19140001:p189:123:123-c10-14-r0-5-v2:c12r5
FKB1914-SO.123.c12,2,PRG-FJB,,10:40,,1,,10 40,,resolved,sl-rfrkuf_394077458-19140001:p189:123:123-c10-14-r0-5-v2:c12r3
FKB1914-SO.123.c12,3,BODENBACH,16:21,,1,,4 21,,,resolved,sl-rfrkuf_394077458-19140001:p189:123:123-c10-14-r0-5-v2:c12r1
FKB1914-SO.123.c12,4,DRE-HBF,18:23,,1,,6 23,,,resolved,sl-rfrkuf_394077458-19140001:p189:123:123-c10-14-r0-5-v2:c12r0
FKB1914-SO.123.c13,1,WIE-FJB,,07:00,,0,,7 00,,agree,sl-rfrkuf_394077458-19140001:p189:123:123-c10-14-r0-5-v2:c13r5
FKB1914-SO.123.c13,2,PRG-FJB,,12:17,,0,,12 17,,agree,sl-rfrkuf_394077458-19140001:p189:123:123-c10-14-r0-5-v2:c13r3
FKB1914-SO.123.c13,3,BODENBACH,14:40,,0,,2 40,,,agree,sl-rfrkuf_394077458-19140001:p189:123:123-c10-14-r0-5-v2:c13r1
FKB1914-SO.123.c13,4,DRE-HBF,15:52,,0,,3 52,,,agree,sl-rfrkuf_394077458-19140001:p189:123:123-c10-14-r0-5-v2:c13r0
FKB1914-SO.123.c14,1,WIE-FJB,,08:25,,0,,8 25,,agree,sl-rfrkuf_394077458-19140001:p189:123:123-c10-14-r0-5-v2:c14r5
FKB1914-SO.123.c14,2,PRG-FJB,,14:36,,0,,2 36,,agree,sl-rfrkuf_394077458-19140001:p189:123:123-c10-14-r0-5-v2:c14r3
FKB1914-SO.123.c14,3,BODENBACH,17:20,,0,,5 20,,,agree,sl-rfrkuf_394077458-19140001:p189:123:123-c10-14-r0-5-v2:c14r1
FKB1914-SO.123.c14,4,DRE-HBF,18:53,,0,,6 53,,,agree,sl-rfrkuf_394077458-19140001:p189:123:123-c10-14-r0-5-v2:c14r0
FKB1914-SO.123.c15,1,WIE-FJB,,06:10,,0,,6 10,,resolved,sl-rfrkuf_394077458-19140001:p189:123:123-c15-19-r0-5-v2:c15r5
FKB1914-SO.123.c15,2,PRG-FJB,,17:22,,0,,5 22,,resolved,sl-rfrkuf_394077458-19140001:p189:123:123-c15-19-r0-5-v2:c15r3
FKB1914-SO.123.c15,3,BODENBACH,22:04,,0,,10 04,,,resolved,sl-rfrkuf_394077458-19140001:p189:123:123-c15-19-r0-5-v2:c15r1
FKB1914-SO.123.c15,4,DRE-HBF,00:09,,1,,12 09,,,resolved,sl-rfrkuf_394077458-19140001:p189:123:123-c15-19-r0-5-v2:c15r0
FKB1914-SO.123.c17,1,WIE-FJB,,16:15,,0,,4 15,,agree,sl-rfrkuf_394077458-19140001:p189:123:123-c15-19-r0-5-v2:c17r5
FKB1914-SO.123.c17,2,PRG-FJB,,22:18,,0,,10 18,,agree,sl-rfrkuf_394077458-19140001:p189:123:123-c15-19-r0-5-v2:c17r3
FKB1914-SO.123.c17,3,BODENBACH,00:58,,1,,12 58,,,agree,sl-rfrkuf_394077458-19140001:p189:123:123-c15-19-r0-5-v2:c17r1
FKB1914-SO.123.c17,4,DRE-HBF,02:25,,1,,2 25,,,agree,sl-rfrkuf_394077458-19140001:p189:123:123-c15-19-r0-5-v2:c17r0
FKB1914-SO.123.c18,1,WIE-FJB,,12:06,,0,,12 06,,resolved,sl-rfrkuf_394077458-19140001:p189:123:123-c15-19-r0-5-v2:c18r5
FKB1914-SO.123.c18,2,PRG-FJB,23:57,,0,,11 57,,,resolved,sl-rfrkuf_394077458-19140001:p189:123:123-c15-19-r0-5-v2:c18r3
FKB1914-SO.123.c19,1,PRG-FJB,,04:16,,0,,4 16,,resolved,sl-rfrkuf_394077458-19140001:p189:123:123-c15-19-r0-5-v2:c19r3
FKB1914-SO.123.c19,2,BODENBACH,08:15,,0,,8 15,,,agree,sl-rfrkuf_394077458-19140001:p189:123:123-c15-19-r0-5-v2:c19r1
FKB1914-SO.123.c19,3,DRE-HBF,09:39,,0,,9 39,,,agree,sl-rfrkuf_394077458-19140001:p189:123:123-c15-19-r0-5-v2:c19r0
FKB1914-SO.123.c3,1,DRE-HBF,,02:30,,0,,2 30,,agree,sl-rfrkuf_394077458-19140001:p189:123:123-c0-4-r0-5-v2:c3r0
FKB1914-SO.123.c3,2,BODENBACH,,04:05,,0,,4 05,,agree,sl-rfrkuf_394077458-19140001:p189:123:123-c0-4-r0-5-v2:c3r1
FKB1914-SO.123.c3,3,PRG-FJB,,06:50,,0,,6 50,,agree,sl-rfrkuf_394077458-19140001:p189:123:123-c0-4-r0-5-v2:c3r3
FKB1914-SO.123.c3,4,WIE-FJB,12:50,,0,,12 50,,,agree,sl-rfrkuf_394077458-19140001:p189:123:123-c0-4-r0-5-v2:c3r5
FKB1914-SO.123.c4,1,DRE-HBF,,02:30,,0,,2 30,,resolved,sl-rfrkuf_394077458-19140001:p189:123:123-c0-4-r0-5-v2:c4r0
FKB1914-SO.123.c4,2,BODENBACH,,04:05,,0,,4 05,,resolved,sl-rfrkuf_394077458-19140001:p189:123:123-c0-4-r0-5-v2:c4r1
FKB1914-SO.123.c4,3,PRG-FJB,,09:30,,0,,9 30,,resolved,sl-rfrkuf_394077458-19140001:p189:123:123-c0-4-r0-5-v2:c4r3
FKB1914-SO.123.c4,4,WIE-FJB,21:10,,0,,9 10,,,resolved,sl-rfrkuf_394077458-19140001:p189:123:123-c0-4-r0-5-v2:c4r5
FKB1914-SO.123.c6,1,DRE-HBF,,07:10,,0,,7 10,,agree,sl-rfrkuf_394077458-19140001:p189:123:123-c5-9-r0-5-v2:c6r0
FKB1914-SO.123.c6,2,BODENBACH,,08:47,,0,,8 47,,agree,sl-rfrkuf_394077458-19140001:p189:123:123-c5-9-r0-5-v2:c6r1
FKB1914-SO.123.c6,3,PRG-FJB,,14:03,,0,,2 03,,resolved,sl-rfrkuf_394077458-19140001:p189:123:123-c5-9-r0-5-v2:c6r3
FKB1914-SO.123.c6,4,WIE-FJB,03:30,,1,,3 30,,,resolved,sl-rfrkuf_394077458-19140001:p189:123:123-c5-9-r0-5-v2:c6r5
FKB1914-SO.123.c7,1,DRE-HBF,,11:30,,0,,11 30,,agree,sl-rfrkuf_394077458-19140001:p189:123:123-c5-9-r0-5-v2:c7r0
FKB1914-SO.123.c7,2,BODENBACH,,13:02,,0,,1 02,,agree,sl-rfrkuf_394077458-19140001:p189:123:123-c5-9-r0-5-v2:c7r1
FKB1914-SO.123.c7,3,PRG-FJB,,16:20,,0,,4 20,,agree,sl-rfrkuf_394077458-19140001:p189:123:123-c5-9-r0-5-v2:c7r3
FKB1914-SO.123.c7,4,WIE-FJB,21:45,,0,,9 45,,,agree,sl-rfrkuf_394077458-19140001:p189:123:123-c5-9-r0-5-v2:c7r5
FKB1914-SO.123.c8,1,DRE-HBF,,08:30,,0,,8 30,,resolved,sl-rfrkuf_394077458-19140001:p189:123:123-c5-9-r0-5-v2:c8r0
FKB1914-SO.123.c8,2,BODENBACH,,10:20,,0,,10 20,,resolved,sl-rfrkuf_394077458-19140001:p189:123:123-c5-9-r0-5-v2:c8r1
FKB1914-SO.123.c8,3,PRG-FJB,,16:35,,0,,4 35,,resolved,sl-rfrkuf_394077458-19140001:p189:123:123-c5-9-r0-5-v2:c8r3
FKB1914-SO.123.c8,4,WIE-FJB,06:52,,1,,6 52,,,agree,sl-rfrkuf_394077458-19140001:p189:123:123-c5-9-r0-5-v2:c8r5
FKB1914-SO.126.c11,1,DRE-HBF,,14:22,,0,,2 22,,resolved,sl-rfrkuf_394077458-19140001:p192:126:126-c11-15-r1-29-v2:c11r1
FKB1914-SO.126.c11,2,TETSCHEN,,16:52,,0,,4 52,,resolved,sl-rfrkuf_394077458-19140001:p192:126:126-c11-15-r1-29-v2:c11r2
FKB1914-SO.126.c12.r29,1,DRE-HBF,,14:22,,0,,2 22,,resolved,sl-rfrkuf_394077458-19140001:p192:126:126-c11-15-r1-29-v2:c12r1
FKB1914-SO.126.c12.r29,2,TETSCHEN,,17:05,,0,,5 05,,resolved,sl-rfrkuf_394077458-19140001:p192:126:126-c11-15-r1-29-v2:c12r2
FKB1914-SO.126.c12.r29,3,PRG-FJB,21:05,,0,,9 05,,,resolved,sl-rfrkuf_394077458-19140001:p192:126:126-c11-15-r1-29-v2:c12r29
FKB1914-SO.126.c12.r31,1,DRE-HBF,,14:22,,0,,2 22,,resolved,sl-rfrkuf_394077458-19140001:p192:126:126-c11-15-r1-29-v2:c12r1
FKB1914-SO.126.c12.r31,2,TETSCHEN,,17:05,,0,,5 05,,resolved,sl-rfrkuf_394077458-19140001:p192:126:126-c11-15-r1-29-v2:c12r2
FKB1914-SO.126.c12.r31,3,PRG-NWB,22:41,,0,,10 41,,,resolved,sl-rfrkuf_394077458-19140001:p192:126:126-c11-15-r31-43-v2:c12r31
FKB1914-SO.126.c12.r43,1,DRE-HBF,,14:22,,0,,2 22,,resolved,sl-rfrkuf_394077458-19140001:p192:126:126-c11-15-r1-29-v2:c12r1
FKB1914-SO.126.c12.r43,2,TETSCHEN,,17:05,,0,,5 05,,resolved,sl-rfrkuf_394077458-19140001:p192:126:126-c11-15-r1-29-v2:c12r2
FKB1914-SO.126.c12.r43,3,WIE-NWB,06:17,,1,,6 17,,,resolved,sl-rfrkuf_394077458-19140001:p192:126:126-c11-15-r31-43-v2:c12r43
FKB1914-SO.126.c13,1,DRE-HBF,,18:30,,0,,6 30,,resolved,sl-rfrkuf_394077458-19140001:p192:126:126-c11-15-r1-29-v2:c13r1
FKB1914-SO.126.c13,2,TETSCHEN,,09:20,,1,,9 20,,resolved,sl-rfrkuf_394077458-19140001:p192:126:126-c11-15-r1-29-v2:c13r2
FKB1914-SO.126.c14,1,DRE-HBF,,21:55,,0,,9 55,,resolved,sl-rfrkuf_394077458-19140001:p192:126:126-c11-15-r1-29-v2:c14r1
FKB1914-SO.126.c14,2,TETSCHEN,,23:16,,0,,11 16,,agree,sl-rfrkuf_394077458-19140001:p192:126:126-c11-15-r1-29-v2:c14r2
FKB1914-SO.126.c14,3,WIE-NWB,07:22,,1,,7 22,,,resolved,sl-rfrkuf_394077458-19140001:p192:126:126-c11-15-r31-43-v2:c14r43
FKB1914-SO.126.c15.r29,1,DRE-HBF,,22:53,,0,,10 53,,resolved,sl-rfrkuf_394077458-19140001:p192:126:126-c11-15-r1-29-v2:c15r1
FKB1914-SO.126.c15.r29,2,TETSCHEN,,00:09,,1,,12 09,,resolved,sl-rfrkuf_394077458-19140001:p192:126:126-c11-15-r1-29-v2:c15r2
FKB1914-SO.126.c15.r29,3,PRG-FJB,02:40,,1,,2 40,,,agree,sl-rfrkuf_394077458-19140001:p192:126:126-c11-15-r1-29-v2:c15r29
FKB1914-SO.126.c15.r43,1,DRE-HBF,,22:53,,0,,10 53,,resolved,sl-rfrkuf_394077458-19140001:p192:126:126-c11-15-r1-29-v2:c15r1
FKB1914-SO.126.c15.r43,2,TETSCHEN,,00:09,,1,,12 09,,resolved,sl-rfrkuf_394077458-19140001:p192:126:126-c11-15-r1-29-v2:c15r2
FKB1914-SO.126.c15.r43,3,WIE-NWB,08:00,,1,,8 00,,,agree,sl-rfrkuf_394077458-19140001:p192:126:126-c11-15-r31-43-v2:c15r43
FKB1914-SO.126.c20.r50,1,WIE-NWB,,20:20,,0,,8 20,,agree,sl-rfrkuf_394077458-19140001:p193:126:126-c20-24-r50-92-v2:c20r50
FKB1914-SO.126.c20.r50,2,TETSCHEN,04:08,,1,,4 08,,,agree,sl-rfrkuf_394077458-19140001:p193:126:126-c20-24-r50-92-v2:c20r91
FKB1914-SO.126.c20.r50,3,DRE-HBF,05:26,,1,,5 26,,,agree,sl-rfrkuf_394077458-19140001:p193:126:126-c20-24-r50-92-v2:c20r92
FKB1914-SO.126.c20.r64,1,PRG-FJB,,01:35,,0,,1 35,,agree,sl-rfrkuf_394077458-19140001:p193:126:126-c20-24-r50-92-v2:c20r64
FKB1914-SO.126.c20.r64,2,TETSCHEN,04:08,,0,,4 08,,,agree,sl-rfrkuf_394077458-19140001:p193:126:126-c20-24-r50-92-v2:c20r91
FKB1914-SO.126.c20.r64,3,DRE-HBF,05:26,,0,,5 26,,,agree,sl-rfrkuf_394077458-19140001:p193:126:126-c20-24-r50-92-v2:c20r92
FKB1914-SO.126.c21.r50,1,WIE-NWB,,21:40,,0,,9 40,,agree,sl-rfrkuf_394077458-19140001:p193:126:126-c20-24-r50-92-v2:c21r50
FKB1914-SO.126.c21.r50,2,TETSCHEN,05:50,,1,,5 50,,,agree,sl-rfrkuf_394077458-19140001:p193:126:126-c20-24-r50-92-v2:c21r91
FKB1914-SO.126.c21.r50,3,DRE-HBF,07:08,,1,,7 08,,,agree,sl-rfrkuf_394077458-19140001:p193:126:126-c20-24-r50-92-v2:c21r92
FKB1914-SO.126.c21.r62,1,PRG-NWB,,23:30,,0,,11 30,,resolved,sl-rfrkuf_394077458-19140001:p193:126:126-c20-24-r50-92-v2:c21r62
FKB1914-SO.126.c21.r62,2,TETSCHEN,05:50,,1,,5 50,,,agree,sl-rfrkuf_394077458-19140001:p193:126:126-c20-24-r50-92-v2:c21r91
FKB1914-SO.126.c21.r62,3,DRE-HBF,07:08,,1,,7 08,,,agree,sl-rfrkuf_394077458-19140001:p193:126:126-c20-24-r50-92-v2:c21r92
FKB1914-SO.126.c24.r50,1,WIE-NWB,,20:48,,0,,8 48,,resolved,sl-rfrkuf_394077458-19140001:p193:126:126-c20-24-r50-92-v2:c24r50
FKB1914-SO.126.c24.r50,2,TETSCHEN,11:40,,1,,11 40,,,resolved,sl-rfrkuf_394077458-19140001:p193:126:126-c20-24-r50-92-v2:c24r91
FKB1914-SO.126.c24.r50,3,DRE-HBF,13:48,,1,,1 48,,,resolved,sl-rfrkuf_394077458-19140001:p193:126:126-c20-24-r50-92-v2:c24r92
FKB1914-SO.126.c24.r62,1,PRG-NWB,,06:17,,0,,6 17,,resolved,sl-rfrkuf_394077458-19140001:p193:126:126-c20-24-r50-92-v2:c24r62
FKB1914-SO.126.c24.r62,2,TETSCHEN,11:40,,0,,11 40,,,resolved,sl-rfrkuf_394077458-19140001:p193:126:126-c20-24-r50-92-v2:c24r91
FKB1914-SO.126.c24.r62,3,DRE-HBF,13:48,,0,,1 48,,,resolved,sl-rfrkuf_394077458-19140001:p193:126:126-c20-24-r50-92-v2:c24r92
FKB1914-SO.126.c24.r64,1,PRG-FJB,,07:50,,0,,7 50,,resolved,sl-rfrkuf_394077458-19140001:p193:126:126-c20-24-r50-92-v2:c24r64
FKB1914-SO.126.c24.r64,2,TETSCHEN,11:40,,0,,11 40,,,resolved,sl-rfrkuf_394077458-19140001:p193:126:126-c20-24-r50-92-v2:c24r91
FKB1914-SO.126.c24.r64,3,DRE-HBF,13:48,,0,,1 48,,,resolved,sl-rfrkuf_394077458-19140001:p193:126:126-c20-24-r50-92-v2:c24r92
FKB1914-SO.126.c28.r62,1,PRG-NWB,,10:48,,0,,10 48,,resolved,sl-rfrkuf_394077458-19140001:p193:126:126-c25-29-r50-92-v2:c28r62
FKB1914-SO.126.c28.r62,2,TETSCHEN,16:14,,0,,4 14,,,resolved,sl-rfrkuf_394077458-19140001:p193:126:126-c25-29-r50-92-v2:c28r91
FKB1914-SO.126.c28.r62,3,DRE-HBF,18:23,,0,,6 23,,,resolved,sl-rfrkuf_394077458-19140001:p193:126:126-c25-29-r50-92-v2:c28r92
FKB1914-SO.126.c28.r64,1,PRG-FJB,,11:30,,0,,11 30,,resolved,sl-rfrkuf_394077458-19140001:p193:126:126-c25-29-r50-92-v2:c28r64
FKB1914-SO.126.c28.r64,2,TETSCHEN,16:14,,0,,4 14,,,resolved,sl-rfrkuf_394077458-19140001:p193:126:126-c25-29-r50-92-v2:c28r91
FKB1914-SO.126.c28.r64,3,DRE-HBF,18:23,,0,,6 23,,,resolved,sl-rfrkuf_394077458-19140001:p193:126:126-c25-29-r50-92-v2:c28r92
FKB1914-SO.126.c3.r31,1,DRE-HBF,,02:30,,0,,2 30,,agree,sl-rfrkuf_394077458-19140001:p192:126:126-c1-5-r1-29-v2:c3r1
FKB1914-SO.126.c3.r31,2,TETSCHEN,,03:48,,0,,3 48,,resolved,sl-rfrkuf_394077458-19140001:p192:126:126-c1-5-r1-29-v2:c3r2
FKB1914-SO.126.c3.r31,3,PRG-NWB,08:32,,0,,8 32,,,agree,sl-rfrkuf_394077458-19140001:p192:126:126-c0-5-r31-43-v2:c3r31
FKB1914-SO.126.c3.r43,1,DRE-HBF,,02:30,,0,,2 30,,agree,sl-rfrkuf_394077458-19140001:p192:126:126-c1-5-r1-29-v2:c3r1
FKB1914-SO.126.c3.r43,2,TETSCHEN,,03:48,,0,,3 48,,resolved,sl-rfrkuf_394077458-19140001:p192:126:126-c1-5-r1-29-v2:c3r2
FKB1914-SO.126.c3.r43,3,WIE-NWB,08:24,,0,,8 24,,,resolved,sl-rfrkuf_394077458-19140001:p192:126:126-c0-5-r31-43-v2:c3r43
FKB1914-SO.126.c30.r50,1,WIE-NWB,,08:50,,0,,8 50,,agree,sl-rfrkuf_394077458-19140001:p193:126:126-c30-34-r50-92-v2:c30r50
FKB1914-SO.126.c30.r50,2,TETSCHEN,17:25,,0,,5 25,,,agree,sl-rfrkuf_394077458-19140001:p193:126:126-c30-34-r50-92-v2:c30r91
FKB1914-SO.126.c30.r50,3,DRE-HBF,18:53,,0,,6 53,,,resolved,sl-rfrkuf_394077458-19140001:p193:126:126-c30-34-r50-92-v2:c30r92
FKB1914-SO.126.c30.r62,1,PRG-NWB,,14:01,,0,,2 01,,agree,sl-rfrkuf_394077458-19140001:p193:126:126-c30-34-r50-92-v2:c30r62
FKB1914-SO.126.c30.r62,2,TETSCHEN,17:25,,0,,5 25,,,agree,sl-rfrkuf_394077458-19140001:p193:126:126-c30-34-r50-92-v2:c30r91
FKB1914-SO.126.c30.r62,3,DRE-HBF,18:53,,0,,6 53,,,resolved,sl-rfrkuf_394077458-19140001:p193:126:126-c30-34-r50-92-v2:c30r92
FKB1914-SO.126.c30.r64,1,PRG-FJB,,14:50,,0,,2 50,,agree,sl-rfrkuf_394077458-19140001:p193:126:126-c30-34-r50-92-v2:c30r64
FKB1914-SO.126.c30.r64,2,TETSCHEN,17:25,,0,,5 25,,,agree,sl-rfrkuf_394077458-19140001:p193:126:126-c30-34-r50-92-v2:c30r91
FKB1914-SO.126.c30.r64,3,DRE-HBF,18:53,,0,,6 53,,,resolved,sl-rfrkuf_394077458-19140001:p193:126:126-c30-34-r50-92-v2:c30r92
FKB1914-SO.126.c31.r50,1,WIE-NWB,,16:55,,0,,4 55,,resolved,sl-rfrkuf_394077458-19140001:p193:126:126-c30-34-r50-92-v2:c31r50
FKB1914-SO.126.c31.r50,2,TETSCHEN,20:20,,0,,8 20,,,resolved,sl-rfrkuf_394077458-19140001:p193:126:126-c30-34-r50-92-v2:c31r91
FKB1914-SO.126.c31.r62,1,PRG-NWB,,18:19,,0,,6 19,,agree,sl-rfrkuf_394077458-19140001:p193:126:126-c30-34-r50-92-v2:c31r62
FKB1914-SO.126.c31.r62,2,TETSCHEN,20:20,,0,,8 20,,,resolved,sl-rfrkuf_394077458-19140001:p193:126:126-c30-34-r50-92-v2:c31r91
FKB1914-SO.126.c31.r64,1,PRG-FJB,,17:55,,0,,5 55,,resolved,sl-rfrkuf_394077458-19140001:p193:126:126-c30-34-r50-92-v2:c31r64
FKB1914-SO.126.c31.r64,2,TETSCHEN,20:20,,0,,8 20,,,resolved,sl-rfrkuf_394077458-19140001:p193:126:126-c30-34-r50-92-v2:c31r91
FKB1914-SO.126.c32.r50,1,WIE-NWB,,07:10,,0,,7 10,,resolved,sl-rfrkuf_394077458-19140001:p193:126:126-c30-34-r50-92-v2:c32r50
FKB1914-SO.126.c32.r50,2,TETSCHEN,22:04,,0,,10 04,,,resolved,sl-rfrkuf_394077458-19140001:p193:126:126-c30-34-r50-92-v2:c32r91
FKB1914-SO.126.c32.r50,3,DRE-HBF,00:09,,1,,12 09,,,resolved,sl-rfrkuf_394077458-19140001:p193:126:126-c30-34-r50-92-v2:c32r92
FKB1914-SO.126.c32.r62,1,PRG-NWB,,16:40,,0,,4 40,,resolved,sl-rfrkuf_394077458-19140001:p193:126:126-c30-34-r50-92-v2:c32r62
FKB1914-SO.126.c32.r62,2,TETSCHEN,22:04,,0,,10 04,,,resolved,sl-rfrkuf_394077458-19140001:p193:126:126-c30-34-r50-92-v2:c32r91
FKB1914-SO.126.c32.r62,3,DRE-HBF,00:09,,1,,12 09,,,resolved,sl-rfrkuf_394077458-19140001:p193:126:126-c30-34-r50-92-v2:c32r92
FKB1914-SO.126.c32.r64,1,PRG-FJB,,18:28,,0,,6 28,,agree,sl-rfrkuf_394077458-19140001:p193:126:126-c30-34-r50-92-v2:c32r64
FKB1914-SO.126.c32.r64,2,TETSCHEN,22:04,,0,,10 04,,,resolved,sl-rfrkuf_394077458-19140001:p193:126:126-c30-34-r50-92-v2:c32r91
FKB1914-SO.126.c32.r64,3,DRE-HBF,00:09,,1,,12 09,,,resolved,sl-rfrkuf_394077458-19140001:p193:126:126-c30-34-r50-92-v2:c32r92
FKB1914-SO.126.c4,1,TETSCHEN,,06:05,,0,,6 05,,resolved,sl-rfrkuf_394077458-19140001:p192:126:126-c1-5-r1-29-v2:c4r2
FKB1914-SO.126.c4,2,PRG-FJB,09:51,,0,,9 51,,,agree,sl-rfrkuf_394077458-19140001:p192:126:126-c1-5-r1-29-v2:c4r29
FKB1914-SO.126.c6.r29,1,DRE-HBF,,07:10,,0,,7 10,,agree,sl-rfrkuf_394077458-19140001:p192:126:126-c6-10-r1-29-v2:c6r1
FKB1914-SO.126.c6.r29,2,TETSCHEN,,08:44,,0,,8 44,,resolved,sl-rfrkuf_394077458-19140001:p192:126:126-c6-10-r1-29-v2:c6r2
FKB1914-SO.126.c6.r29,3,PRG-FJB,12:40,,0,,12 40,,,resolved,sl-rfrkuf_394077458-19140001:p192:126:126-c6-10-r1-29-v2:c6r29
FKB1914-SO.126.c6.r31,1,DRE-HBF,,07:10,,0,,7 10,,agree,sl-rfrkuf_394077458-19140001:p192:126:126-c6-10-r1-29-v2:c6r1
FKB1914-SO.126.c6.r31,2,TETSCHEN,,08:44,,0,,8 44,,resolved,sl-rfrkuf_394077458-19140001:p192:126:126-c6-10-r1-29-v2:c6r2
FKB1914-SO.126.c6.r31,3,PRG-NWB,13:57,,0,,1 57,,,resolved,sl-rfrkuf_394077458-19140001:p192:126:126-c6-10-r31-43-v2:c6r31
FKB1914-SO.126.c6.r43,1,DRE-HBF,,07:10,,0,,7 10,,agree,sl-rfrkuf_394077458-19140001:p192:126:126-c6-10-r1-29-v2:c6r1
FKB1914-SO.126.c6.r43,2,TETSCHEN,,08:44,,0,,8 44,,resolved,sl-rfrkuf_394077458-19140001:p192:126:126-c6-10-r1-29-v2:c6r2
FKB1914-SO.126.c6.r43,3,WIE-NWB,22:30,,0,,10 30,,,resolved,sl-rfrkuf_394077458-19140001:p192:126:126-c6-10-r31-43-v2:c6r43
FKB1914-SO.126.c7,1,DRE-HBF,,10:00,,0,,10 00,,agree,sl-rfrkuf_394077458-19140001:p192:126:126-c6-10-r1-29-v2:c7r1
FKB1914-SO.126.c7,2,TETSCHEN,,11:06,,0,,11 06,,agree,sl-rfrkuf_394077458-19140001:p192:126:126-c6-10-r1-29-v2:c7r2
FKB1914-SO.126.c8.r29,1,DRE-HBF,,10:06,,0,,10 06,,resolved,sl-rfrkuf_394077458-19140001:p192:126:126-c6-10-r1-29-v2:c8r1
FKB1914-SO.126.c8.r29,2,TETSCHEN,,14:22,,0,,2 22,,resolved,sl-rfrkuf_394077458-19140001:p192:126:126-c6-10-r1-29-v2:c8r2
FKB1914-SO.126.c8.r29,3,PRG-FJB,16:40,,0,,4 40,,,resolved,sl-rfrkuf_394077458-19140001:p192:126:126-c6-10-r1-29-v2:c8r29
FKB1914-SO.126.c8.r31,1,DRE-HBF,,10:06,,0,,10 06,,resolved,sl-rfrkuf_394077458-19140001:p192:126:126-c6-10-r1-29-v2:c8r1
FKB1914-SO.126.c8.r31,2,TETSCHEN,,14:22,,0,,2 22,,resolved,sl-rfrkuf_394077458-19140001:p192:126:126-c6-10-r1-29-v2:c8r2
FKB1914-SO.126.c8.r31,3,PRG-NWB,18:15,,0,,6 15,,,resolved,sl-rfrkuf_394077458-19140001:p192:126:126-c6-10-r31-43-v2:c8r31
FKB1914-SO.126.c8.r43,1,DRE-HBF,,10:06,,0,,10 06,,resolved,sl-rfrkuf_394077458-19140001:p192:126:126-c6-10-r1-29-v2:c8r1
FKB1914-SO.126.c8.r43,2,TETSCHEN,,14:22,,0,,2 22,,resolved,sl-rfrkuf_394077458-19140001:p192:126:126-c6-10-r1-29-v2:c8r2
FKB1914-SO.126.c8.r43,3,WIE-NWB,21:16,,0,,9 16,,,resolved,sl-rfrkuf_394077458-19140001:p192:126:126-c6-10-r31-43-v2:c8r43
FKB1914-SO.126.c9.r29,1,DRE-HBF,,11:30,,0,,11 30,,agree,sl-rfrkuf_394077458-19140001:p192:126:126-c6-10-r1-29-v2:c9r1
FKB1914-SO.126.c9.r29,2,TETSCHEN,,12:59,,0,,12 59,,agree,sl-rfrkuf_394077458-19140001:p192:126:126-c6-10-r1-29-v2:c9r2
FKB1914-SO.126.c9.r29,3,PRG-FJB,15:54,,0,,3 54,,,agree,sl-rfrkuf_394077458-19140001:p192:126:126-c6-10-r1-29-v2:c9r29
FKB1914-SO.126.c9.r31,1,DRE-HBF,,11:30,,0,,11 30,,agree,sl-rfrkuf_394077458-19140001:p192:126:126-c6-10-r1-29-v2:c9r1
FKB1914-SO.126.c9.r31,2,TETSCHEN,,12:59,,0,,12 59,,agree,sl-rfrkuf_394077458-19140001:p192:126:126-c6-10-r1-29-v2:c9r2
FKB1914-SO.126.c9.r31,3,PRG-NWB,15:45,,0,,3 45,,,agree,sl-rfrkuf_394077458-19140001:p192:126:126-c6-10-r31-43-v2:c9r31
FKB1914-SO.126.c9.r43,1,DRE-HBF,,11:30,,0,,11 30,,agree,sl-rfrkuf_394077458-19140001:p192:126:126-c6-10-r1-29-v2:c9r1
FKB1914-SO.126.c9.r43,2,TETSCHEN,,12:59,,0,,12 59,,agree,sl-rfrkuf_394077458-19140001:p192:126:126-c6-10-r1-29-v2:c9r2
FKB1914-SO.126.c9.r43,3,WIE-NWB,21:36,,0,,9 36,,,agree,sl-rfrkuf_394077458-19140001:p192:126:126-c6-10-r31-43-v2:c9r43
FKB1914-SO.13.c1,1,DRE-HBF,,05:36,,0,,5 36,,resolved,sl-rfrkuf_394077458-19140001:p60:13:13-c0-6-r0-36:c1r0
FKB1914-SO.13.c1,2,DRE-NEU,05:42,05:43,0,0,5 42,5 43,,resolved,sl-rfrkuf_394077458-19140001:p60:13:13-c0-6-r0-36:c1r2-3
FKB1914-SO.13.c1,3,BER-ANH,08:06,,0,,8 06,,,resolved,sl-rfrkuf_394077458-19140001:p60:13:13-c0-6-r0-36:c1r36
FKB1914-SO.13.c10,1,DRE-HBF,,19:26,,0,,7 26,,agree,sl-rfrkuf_394077458-19140001:p60:13:13-c7-13-r0-36:c10r0
FKB1914-SO.13.c10,2,DRE-WET,,,,,,7 3?,,illegible,sl-rfrkuf_394077458-19140001:p60:13:13-c7-13-r0-36:c10r1
FKB1914-SO.13.c10,3,DRE-NEU,19:34,19:39,0,0,7 34,7 39,,agree,sl-rfrkuf_394077458-19140001:p60:13:13-c7-13-r0-36:c10r2-3
FKB1914-SO.13.c10,4,BER-ANH,00:02,,1,,12 02,,,agree,sl-rfrkuf_394077458-19140001:p60:13:13-c7-13-r0-36:c10r36
FKB1914-SO.13.c14,1,DRE-NEU,08:28,08:30,0,0,8 28,8 30,,agree,sl-rfrkuf_394077458-19140001:p61:13:13-c14-20-r44-80:c14r77-78
FKB1914-SO.13.c14,2,DRE-WET,08:33,,0,,8 33,,,agree,sl-rfrkuf_394077458-19140001:p61:13:13-c14-20-r44-80:c14r79
FKB1914-SO.13.c14,3,DRE-HBF,08:38,,0,,8 38,,,agree,sl-rfrkuf_394077458-19140001:p61:13:13-c14-20-r44-80:c14r80
FKB1914-SO.13.c15,1,BER-ANH,,06:00,,0,,6 00,,agree,sl-rfrkuf_394077458-19140001:p61:13:13-c14-20-r44-80:c15r44
FKB1914-SO.13.c15,2,DRE-NEU,10:25,10:32,0,0,10 25,10 32,,agree,sl-rfrkuf_394077458-19140001:p61:13:13-c14-20-r44-80:c15r77-78
FKB1914-SO.13.c15,3,DRE-WET,10:35,,0,,10 35,,,agree,sl-rfrkuf_394077458-19140001:p61:13:13-c14-20-r44-80:c15r79
FKB1914-SO.13.c15,4,DRE-HBF,10:40,,0,,10 40,,,agree,sl-rfrkuf_394077458-19140001:p61:13:13-c14-20-r44-80:c15r80
FKB1914-SO.13.c16,1,BER-ANH,,08:03,,0,,8 03,,resolved,sl-rfrkuf_394077458-19140001:p61:13:13-c14-20-r44-80:c16r44
FKB1914-SO.13.c16,2,DRE-NEU,10:58,11:00,0,0,10 58,11 00,,resolved,sl-rfrkuf_394077458-19140001:p61:13:13-c14-20-r44-80:c16r77-78
FKB1914-SO.13.c16,3,DRE-HBF,11:06,,0,,11 06,,,resolved,sl-rfrkuf_394077458-19140001:p61:13:13-c14-20-r44-80:c16r80
FKB1914-SO.13.c17,1,BER-ANH,,09:20,,0,,9 20,,resolved,sl-rfrkuf_394077458-19140001:p61:13:13-c14-20-r44-80:c17r44
FKB1914-SO.13.c17,2,DRE-NEU,11:57,11:58,0,0,11 57,11 58,,resolved,sl-rfrkuf_394077458-19140001:p61:13:13-c14-20-r44-80:c17r77-78
FKB1914-SO.13.c17,3,DRE-HBF,12:04,,0,,12 04,,,resolved,sl-rfrkuf_394077458-19140001:p61:13:13-c14-20-r44-80:c17r80
FKB1914-SO.13.c18,1,BER-ANH,,10:15,,0,,10 15,,resolved,sl-rfrkuf_394077458-19140001:p61:13:13-c14-20-r44-80:c18r44
FKB1914-SO.13.c18,2,DRE-HBF,14:54,,0,,2 54,,,agree,sl-rfrkuf_394077458-19140001:p61:13:13-c14-20-r44-80:c18r80
FKB1914-SO.13.c19,1,BER-ANH,,13:20,,0,,1 20,,resolved,sl-rfrkuf_394077458-19140001:p61:13:13-c14-20-r44-80:c19r44
FKB1914-SO.13.c19,2,DRE-NEU,16:07,16:09,0,0,4 07,4 09,,resolved,sl-rfrkuf_394077458-19140001:p61:13:13-c14-20-r44-80:c19r77-78
FKB1914-SO.13.c19,3,DRE-HBF,16:15,,0,,4 15,,,resolved,sl-rfrkuf_394077458-19140001:p61:13:13-c14-20-r44-80:c19r80
FKB1914-SO.13.c20,1,BER-ANH,,14:25,,0,,2 25,,agree,sl-rfrkuf_394077458-19140001:p61:13:13-c14-20-r44-80:c20r44
FKB1914-SO.13.c20,2,DRE-NEU,18:59,19:01,0,0,6 59,7 01,,agree,sl-rfrkuf_394077458-19140001:p61:13:13-c14-20-r44-80:c20r77-78
FKB1914-SO.13.c20,3,DRE-WET,19:04,,0,,7 04,,,agree,sl-rfrkuf_394077458-19140001:p61:13:13-c14-20-r44-80:c20r79
FKB1914-SO.13.c20,4,DRE-HBF,19:09,,0,,7 09,,,agree,sl-rfrkuf_394077458-19140001:p61:13:13-c14-20-r44-80:c20r80
FKB1914-SO.13.c21,1,BER-ANH,,,,,,8 ?8,,illegible,sl-rfrkuf_394077458-19140001:p61:13:13-c21-26-r44-80:c21r44
FKB1914-SO.13.c21,2,DRE-NEU,22:39,22:40,0,0,10 39,10 40,,resolved,sl-rfrkuf_394077458-19140001:p61:13:13-c21-26-r44-80:c21r77-78
FKB1914-SO.13.c21,3,DRE-HBF,22:46,,0,,10 46,,,resolved,sl-rfrkuf_394077458-19140001:p61:13:13-c21-26-r44-80:c21r80
FKB1914-SO.13.c22,1,DRE-NEU,,23:46,,0,,11 46,,resolved,sl-rfrkuf_394077458-19140001:p61:13:13-c21-26-r44-80:c22r78
FKB1914-SO.13.c22,2,DRE-HBF,23:52,,0,,11 52,,,resolved,sl-rfrkuf_394077458-19140001:p61:13:13-c21-26-r44-80:c22r80
FKB1914-SO.13.c23,1,BER-ANH,,19:10,,0,,7 10,,resolved,sl-rfrkuf_394077458-19140001:p61:13:13-c21-26-r44-80:c23r44
FKB1914-SO.13.c23,2,DRE-NEU,,,,,11 ??,11 4?,,illegible,sl-rfrkuf_394077458-19140001:p61:13:13-c21-26-r44-80:c23r77-78
FKB1914-SO.13.c23,3,DRE-WET,23:52,,0,,11 52,,,resolved,sl-rfrkuf_394077458-19140001:p61:13:13-c21-26-r44-80:c23r79
FKB1914-SO.13.c23,4,DRE-HBF,23:57,,0,,11 57,,,resolved,sl-rfrkuf_394077458-19140001:p61:13:13-c21-26-r44-80:c23r80
FKB1914-SO.13.c4,1,DRE-HBF,,10:00,,0,,10 00,,resolved,sl-rfrkuf_394077458-19140001:p60:13:13-c0-6-r0-36:c4r0
FKB1914-SO.13.c4,2,DRE-NEU,10:06,10:08,0,0,10 06,10 08,,resolved,sl-rfrkuf_394077458-19140001:p60:13:13-c0-6-r0-36:c4r2-3
FKB1914-SO.13.c4,3,BER-ANH,12:48,,0,,12 48,,,resolved,sl-rfrkuf_394077458-19140001:p60:13:13-c0-6-r0-36:c4r36
FKB1914-SO.13.c6,1,DRE-HBF,,14:12,,0,,2 12,,resolved,sl-rfrkuf_394077458-19140001:p60:13:13-c0-6-r0-36:c6r0
FKB1914-SO.13.c6,2,DRE-NEU,14:18,14:20,0,0,2 18,2 20,,resolved,sl-rfrkuf_394077458-19140001:p60:13:13-c0-6-r0-36:c6r2-3
FKB1914-SO.13.c6,3,BER-ANH,17:03,,0,,5 03,,,resolved,sl-rfrkuf_394077458-19140001:p60:13:13-c0-6-r0-36:c6r36
FKB1914-SO.13.c7,1,DRE-HBF,,14:42,,0,,2 42,,agree,sl-rfrkuf_394077458-19140001:p60:13:13-c7-13-r0-36:c7r0
FKB1914-SO.13.c7,2,DRE-WET,,14:47,,0,,2 47,,agree,sl-rfrkuf_394077458-19140001:p60:13:13-c7-13-r0-36:c7r1
FKB1914-SO.13.c7,3,DRE-NEU,14:50,14:56,0,0,2 50,2 56,,agree,sl-rfrkuf_394077458-19140001:p60:13:13-c7-13-r0-36:c7r2-3
FKB1914-SO.13.c7,4,BER-ANH,,,,,7 2?,,,illegible,sl-rfrkuf_394077458-19140001:p60:13:13-c7-13-r0-36:c7r36
FKB1914-SO.13.c9,1,DRE-HBF,,17:14,,0,,5 14,,resolved,sl-rfrkuf_394077458-19140001:p60:13:13-c7-13-r0-36:c9r0
FKB1914-SO.13.c9,2,DRE-NEU,17:19,17:20,0,0,5 19,5 20,,resolved,sl-rfrkuf_394077458-19140001:p60:13:13-c7-13-r0-36:c9r2-3
FKB1914-SO.13.c9,3,BER-ANH,,,,,7 5?,,,illegible,sl-rfrkuf_394077458-19140001:p60:13:13-c7-13-r0-36:c9r36
FKB1914-SO.23.c0.r14,1,DRE-HBF,,00:22,,0,,12 22,,agree,sl-rfrkuf_394077458-19140001:p74:23:23-c0-6-r0-26:c0r0
FKB1914-SO.23.c0.r14,2,BODENBACH,02:18,,0,,2 18,,customs,agree,sl-rfrkuf_394077458-19140001:p74:23:23-c0-6-r0-26:c0r14
FKB1914-SO.23.c0.r26,1,DRE-HBF,,00:22,,0,,12 22,,agree,sl-rfrkuf_394077458-19140001:p74:23:23-c0-6-r0-26:c0r0
FKB1914-SO.23.c0.r26,2,TETSCHEN,02:20,,0,,2 20,,customs,agree,sl-rfrkuf_394077458-19140001:p74:23:23-c0-6-r0-26:c0r26
FKB1914-SO.23.c1.r14,1,DRE-HBF,,02:30,,0,,2 30,,resolved,sl-rfrkuf_394077458-19140001:p74:23:23-c0-6-r0-26:c1r0
FKB1914-SO.23.c1.r14,2,BODENBACH,03:40,,0,,3 40,,customs,resolved,sl-rfrkuf_394077458-19140001:p74:23:23-c0-6-r0-26:c1r14
FKB1914-SO.23.c1.r26,1,DRE-HBF,,02:30,,0,,2 30,,resolved,sl-rfrkuf_394077458-19140001:p74:23:23-c0-6-r0-26:c1r0
FKB1914-SO.23.c1.r26,2,TETSCHEN,03:41,,0,,3 41,,customs,resolved,sl-rfrkuf_394077458-19140001:p74:23:23-c0-6-r0-26:c1r26
FKB1914-SO.23.c10,1,DRE-HBF,,08:30,,0,,8 30,,resolved,sl-rfrkuf_394077458-19140001:p74:23:23-c7-12-r0-26:c10r0
FKB1914-SO.23.c10,2,BODENBACH,10:07,,0,,10 07,,customs,resolved,sl-rfrkuf_394077458-19140001:p74:23:23-c7-12-r0-26:c10r14
FKB1914-SO.23.c12,1,DRE-HBF,,10:00,,0,,10 00,,agree,sl-rfrkuf_394077458-19140001:p74:23:23-c7-12-r0-26:c12r0
FKB1914-SO.23.c12,2,TETSCHEN,10:53,,0,,10 53,,customs,agree,sl-rfrkuf_394077458-19140001:p74:23:23-c7-12-r0-26:c12r26
FKB1914-SO.23.c13.r46,1,DRE-HBF,,10:06,,0,,10 06,,agree,sl-rfrkuf_394077458-19140001:p75:23:23-c13-18-r32-57:c13r32
FKB1914-SO.23.c13.r46,2,BODENBACH,11:50,,0,,11 50,,customs,agree,sl-rfrkuf_394077458-19140001:p75:23:23-c13-18-r32-57:c13r46
FKB1914-SO.23.c13.r57,1,DRE-HBF,,10:06,,0,,10 06,,agree,sl-rfrkuf_394077458-19140001:p75:23:23-c13-18-r32-57:c13r32
FKB1914-SO.23.c13.r57,2,TETSCHEN,11:49,,0,,11 49,,customs,agree,sl-rfrkuf_394077458-19140001:p75:23:23-c13-18-r32-57:c13r57
FKB1914-SO.23.c15.r46,1,DRE-HBF,,11:30,,0,,11 30,,agree,sl-rfrkuf_394077458-19140001:p75:23:23-c13-18-r32-57:c15r32
FKB1914-SO.23.c15.r46,2,BODENBACH,12:39,,0,,12 39,,customs,agree,sl-rfrkuf_394077458-19140001:p75:23:23-c13-18-r32-57:c15r46
FKB1914-SO.23.c15.r57,1,DRE-HBF,,11:30,,0,,11 30,,agree,sl-rfrkuf_394077458-19140001:p75:23:23-c13-18-r32-57:c15r32
FKB1914-SO.23.c15.r57,2,TETSCHEN,12:39,,0,,12 39,,customs,agree,sl-rfrkuf_394077458-19140001:p75:23:23-c13-18-r32-57:c15r57
FKB1914-SO.23.c16,1,DRE-HBF,,12:10,,0,,12 10,,agree,sl-rfrkuf_394077458-19140001:p75:23:23-c13-18-r32-57:c16r32
FKB1914-SO.23.c16,2,BODENBACH,13:07,,0,,1 07,,customs,agree,sl-rfrkuf_394077458-19140001:p75:23:23-c13-18-r32-57:c16r46
FKB1914-SO.23.c17,1,DRE-HBF,,12:53,,0,,12 53,,resolved,sl-rfrkuf_394077458-19140001:p75:23:23-c13-18-r32-57:c17r32
FKB1914-SO.23.c17,2,BODENBACH,14:29,,0,,2 29,,customs,resolved,sl-rfrkuf_394077458-19140001:p75:23:23-c13-18-r32-57:c17r46
FKB1914-SO.23.c2.r14,1,DRE-HBF,,03:40,,0,,3 40,,resolved,sl-rfrkuf_394077458-19140001:p74:23:23-c0-6-r0-26:c2r0
FKB1914-SO.23.c2.r14,2,BODENBACH,05:22,,0,,5 22,,customs,agree,sl-rfrkuf_394077458-19140001:p74:23:23-c0-6-r0-26:c2r14
FKB1914-SO.23.c2.r26,1,DRE-HBF,,03:40,,0,,3 40,,resolved,sl-rfrkuf_394077458-19140001:p74:23:23-c0-6-r0-26:c2r0
FKB1914-SO.23.c2.r26,2,TETSCHEN,05:21,,0,,5 21,,customs,agree,sl-rfrkuf_394077458-19140001:p74:23:23-c0-6-r0-26:c2r26
FKB1914-SO.23.c27,1,DRE-HBF,,19:05,,0,,7 05,,agree,sl-rfrkuf_394077458-19140001:p76:23:23-c26-29-r64-89:c27r64
FKB1914-SO.23.c27,2,BODENBACH,20:04,,0,,8 04,,customs,agree,sl-rfrkuf_394077458-19140001:p76:23:23-c26-29-r64-89:c27r78
FKB1914-SO.23.c29.r78,1,DRE-HBF,,20:12,,0,,8 12,,resolved,sl-rfrkuf_394077458-19140001:p76:23:23-c26-29-r64-89:c29r64
FKB1914-SO.23.c29.r78,2,BODENBACH,22:00,,0,,10 00,,customs,resolved,sl-rfrkuf_394077458-19140001:p76:23:23-c26-29-r64-89:c29r78
FKB1914-SO.23.c29.r89,1,DRE-HBF,,20:12,,0,,8 12,,resolved,sl-rfrkuf_394077458-19140001:p76:23:23-c26-29-r64-89:c29r64
FKB1914-SO.23.c29.r89,2,TETSCHEN,22:01,,0,,10 01,,customs,resolved,sl-rfrkuf_394077458-19140001:p76:23:23-c26-29-r64-89:c29r89
FKB1914-SO.23.c3,1,DRE-HBF,,05:00,,0,,5 00,,agree,sl-rfrkuf_394077458-19140001:p74:23:23-c0-6-r0-26:c3r0
FKB1914-SO.23.c3,2,BODENBACH,07:02,,0,,7 02,,customs,agree,sl-rfrkuf_394077458-19140001:p74:23:23-c0-6-r0-26:c3r14
FKB1914-SO.23.c30,1,DRE-HBF,,21:55,,0,,9 55,,resolved,sl-rfrkuf_394077458-19140001:p76:23:23-c30-32-r64-89:c30r64
FKB1914-SO.23.c30,2,TETSCHEN,22:52,,0,,10 52,,customs,resolved,sl-rfrkuf_394077458-19140001:p76:23:23-c30-32-r64-89:c30r89
FKB1914-SO.23.c31,1,DRE-HBF,,22:53,,0,,10 53,,agree,sl-rfrkuf_394077458-19140001:p76:23:23-c30-32-r64-89:c31r64
FKB1914-SO.23.c31,2,TETSCHEN,23:51,,0,,11 51,,customs,resolved,sl-rfrkuf_394077458-19140001:p76:23:23-c30-32-r64-89:c31r89
FKB1914-SO.23.c33,1,BODENBACH,,01:20,,0,,1 20,customs,agree,sl-rfrkuf_394077458-19140001:p77:23:23-c33-38-r95-123:c33r109
FKB1914-SO.23.c33,2,DRE-HBF,02:25,,0,,2 25,,,agree,sl-rfrkuf_394077458-19140001:p77:23:23-c33-38-r95-123:c33r123
FKB1914-SO.23.c34,1,TETSCHEN,,04:28,,0,,4 28,customs,agree,sl-rfrkuf_394077458-19140001:p77:23:23-c33-38-r95-123:c34r95
FKB1914-SO.23.c34,2,DRE-HBF,05:26,,0,,5 26,,,agree,sl-rfrkuf_394077458-19140001:p77:23:23-c33-38-r95-123:c34r123
FKB1914-SO.23.c35,1,BODENBACH,,05:15,,0,,5 15,customs,resolved,sl-rfrkuf_394077458-19140001:p77:23:23-c33-38-r95-123:c35r109
FKB1914-SO.23.c35,2,DRE-HBF,06:55,,0,,6 55,,,resolved,sl-rfrkuf_394077458-19140001:p77:23:23-c33-38-r95-123:c35r123
FKB1914-SO.23.c36,1,TETSCHEN,,06:07,,0,,6 07,customs,agree,sl-rfrkuf_394077458-19140001:p77:23:23-c33-38-r95-123:c36r95
FKB1914-SO.23.c36,2,DRE-HBF,07:08,,0,,7 08,,,agree,sl-rfrkuf_394077458-19140001:p77:23:23-c33-38-r95-123:c36r123
FKB1914-SO.23.c38,1,BODENBACH,,08:35,,0,,8 35,customs,agree,sl-rfrkuf_394077458-19140001:p77:23:23-c33-38-r95-123:c38r109
FKB1914-SO.23.c38,2,DRE-HBF,09:39,,0,,9 39,,,agree,sl-rfrkuf_394077458-19140001:p77:23:23-c33-38-r95-123:c38r123
FKB1914-SO.23.c4,1,DRE-HBF,,06:00,,0,,6 00,,resolved,sl-rfrkuf_394077458-19140001:p74:23:23-c0-6-r0-26:c4r0
FKB1914-SO.23.c4,2,BODENBACH,07:58,,0,,7 58,,customs,resolved,sl-rfrkuf_394077458-19140001:p74:23:23-c0-6-r0-26:c4r14
FKB1914-SO.23.c40.r109,1,BODENBACH,,08:48,,0,,8 48,customs,resolved,sl-rfrkuf_394077458-19140001:p77:23:23-c39-43-r95-123:c40r109
FKB1914-SO.23.c40.r109,2,DRE-HBF,10:48,,0,,10 48,,,resolved,sl-rfrkuf_394077458-19140001:p77:23:23-c39-43-r95-123:c40r123
FKB1914-SO.23.c40.r95,1,TETSCHEN,,08:48,,0,,8 48,customs,resolved,sl-rfrkuf_394077458-19140001:p77:23:23-c39-43-r95-123:c40r95
FKB1914-SO.23.c40.r95,2,DRE-HBF,10:48,,0,,10 48,,,resolved,sl-rfrkuf_394077458-19140001:p77:23:23-c39-43-r95-123:c40r123
FKB1914-SO.23.c41,1,BODENBACH,,10:30,,0,,10 30,customs,agree,sl-rfrkuf_394077458-19140001:p77:23:23-c39-43-r95-123:c41r109
FKB1914-SO.23.c41,2,DRE-HBF,12:08,,0,,12 08,,,agree,sl-rfrkuf_394077458-19140001:p77:23:23-c39-43-r95-123:c41r123
FKB1914-SO.23.c42,1,BODENBACH,,12:02,,0,,12 02,customs,agree,sl-rfrkuf_394077458-19140001:p77:23:23-c39-43-r95-123:c42r109
FKB1914-SO.23.c42,2,DRE-HBF,13:10,,0,,1 10,,,agree,sl-rfrkuf_394077458-19140001:p77:23:23-c39-43-r95-123:c42r123
FKB1914-SO.23.c43,1,TETSCHEN,,,,,,12 1?,customs,illegible,sl-rfrkuf_394077458-19140001:p77:23:23-c39-43-r95-123:c43r95
FKB1914-SO.23.c43,2,DRE-HBF,13:48,,0,,1 48,,,resolved,sl-rfrkuf_394077458-19140001:p77:23:23-c39-43-r95-123:c43r123
FKB1914-SO.23.c45,1,BODENBACH,,13:45,,0,,1 45,customs,agree,sl-rfrkuf_394077458-19140001:p78:23:23-c44-49-r135-163:c45r149
FKB1914-SO.23.c45,2,DRE-HBF,15:42,,0,,3 42,,,agree,sl-rfrkuf_394077458-19140001:p78:23:23-c44-49-r135-163:c45r163
FKB1914-SO.23.c46,1,BODENBACH,,14:55,,0,,2 55,customs,agree,sl-rfrkuf_394077458-19140001:p78:23:23-c44-49-r135-163:c46r149
FKB1914-SO.23.c46,2,DRE-HBF,15:52,,0,,3 52,,,agree,sl-rfrkuf_394077458-19140001:p78:23:23-c44-49-r135-163:c46r163
FKB1914-SO.23.c47,1,BODENBACH,,16:02,,0,,4 02,customs,agree,sl-rfrkuf_394077458-19140001:p78:23:23-c44-49-r135-163:c47r149
FKB1914-SO.23.c47,2,DRE-HBF,17:00,,0,,5 00,,,agree,sl-rfrkuf_394077458-19140001:p78:23:23-c44-49-r135-163:c47r163
FKB1914-SO.23.c49.r135,1,TETSCHEN,,16:35,,0,,4 35,customs,resolved,sl-rfrkuf_394077458-19140001:p78:23:23-c44-49-r135-163:c49r135
FKB1914-SO.23.c49.r135,2,DRE-HBF,18:23,,0,,6 23,,,resolved,sl-rfrkuf_394077458-19140001:p78:23:23-c44-49-r135-163:c49r163
FKB1914-SO.23.c49.r149,1,BODENBACH,,16:36,,0,,4 36,customs,resolved,sl-rfrkuf_394077458-19140001:p78:23:23-c44-49-r135-163:c49r149
FKB1914-SO.23.c49.r149,2,DRE-HBF,18:23,,0,,6 23,,,resolved,sl-rfrkuf_394077458-19140001:p78:23:23-c44-49-r135-163:c49r163
FKB1914-SO.23.c5,1,DRE-HBF,,,,,,6 06,,illegible,sl-rfrkuf_394077458-19140001:p74:23:23-c0-6-r0-26:c5r0
FKB1914-SO.23.c5,2,BODENBACH,08:04,,0,,8 04,,customs,agree,sl-rfrkuf_394077458-19140001:p74:23:23-c0-6-r0-26:c5r14
FKB1914-SO.23.c50.r135,1,TETSCHEN,,17:44,,0,,5 44,customs,agree,sl-rfrkuf_394077458-19140001:p78:23:23-c50-54-r135-163:c50r135
FKB1914-SO.23.c50.r135,2,DRE-HBF,18:53,,0,,6 53,,,resolved,sl-rfrkuf_394077458-19140001:p78:23:23-c50-54-r135-163:c50r163
FKB1914-SO.23.c50.r149,1,BODENBACH,,17:45,,0,,5 45,customs,agree,sl-rfrkuf_394077458-19140001:p78:23:23-c50-54-r135-163:c50r149
FKB1914-SO.23.c50.r149,2,DRE-HBF,18:53,,0,,6 53,,,resolved,sl-rfrkuf_394077458-19140001:p78:23:23-c50-54-r135-163:c50r163
FKB1914-SO.23.c53.r135,1,TETSCHEN,,19:04,,0,,7 04,customs,resolved,sl-rfrkuf_394077458-19140001:p78:23:23-c50-54-r135-163:c53r135
FKB1914-SO.23.c53.r135,2,DRE-HBF,20:54,,0,,8 54,,,resolved,sl-rfrkuf_394077458-19140001:p78:23:23-c50-54-r135-163:c53r163
FKB1914-SO.23.c53.r149,1,BODENBACH,,19:03,,0,,7 03,customs,resolved,sl-rfrkuf_394077458-19140001:p78:23:23-c50-54-r135-163:c53r149
FKB1914-SO.23.c53.r149,2,DRE-HBF,20:54,,0,,8 54,,,resolved,sl-rfrkuf_394077458-19140001:p78:23:23-c50-54-r135-163:c53r163
FKB1914-SO.23.c55,1,BODENBACH,,20:33,,0,,8 33,customs,agree,sl-rfrkuf_394077458-19140001:p79:23:23-c55-60-r175-202:c55r188
FKB1914-SO.23.c55,2,DRE-HBF,21:47,,0,,9 47,,,agree,sl-rfrkuf_394077458-19140001:p79:23:23-c55-60-r175-202:c55r202
FKB1914-SO.23.c57.r175,1,TETSCHEN,,21:12,,0,,9 12,customs,resolved,sl-rfrkuf_394077458-19140001:p79:23:23-c55-60-r175-202:c57r175
FKB1914-SO.23.c57.r175,2,DRE-HBF,23:02,,0,,11 02,,,agree,sl-rfrkuf_394077458-19140001:p79:23:23-c55-60-r175-202:c57r202
FKB1914-SO.23.c57.r188,1,BODENBACH,,21:12,,0,,9 12,customs,agree,sl-rfrkuf_394077458-19140001:p79:23:23-c55-60-r175-202:c57r188
FKB1914-SO.23.c57.r188,2,DRE-HBF,23:02,,0,,11 02,,,agree,sl-rfrkuf_394077458-19140001:p79:23:23-c55-60-r175-202:c57r202
FKB1914-SO.23.c58,1,BODENBACH,,21:30,,0,,9 30,customs,agree,sl-rfrkuf_394077458-19140001:p79:23:23-c55-60-r175-202:c58r188
FKB1914-SO.23.c58,2,DRE-HBF,23:10,,0,,11 10,,,agree,sl-rfrkuf_394077458-19140001:p79:23:23-c55-60-r175-202:c58r202
FKB1914-SO.23.c60.r175,1,TETSCHEN,,22:23,,0,,10 23,customs,resolved,sl-rfrkuf_394077458-19140001:p79:23:23-c55-60-r175-202:c60r175
FKB1914-SO.23.c60.r175,2,DRE-HBF,00:09,,1,,12 09,,,resolved,sl-rfrkuf_394077458-19140001:p79:23:23-c55-60-r175-202:c60r202
FKB1914-SO.23.c60.r188,1,BODENBACH,,22:26,,0,,10 26,customs,resolved,sl-rfrkuf_394077458-19140001:p79:23:23-c55-60-r175-202:c60r188
FKB1914-SO.23.c60.r188,2,DRE-HBF,00:09,,1,,12 09,,,resolved,sl-rfrkuf_394077458-19140001:p79:23:23-c55-60-r175-202:c60r202
FKB1914-SO.23.c7,1,DRE-HBF,,07:03,,0,,7 03,,agree,sl-rfrkuf_394077458-19140001:p74:23:23-c7-12-r0-26:c7r0
FKB1914-SO.23.c7,2,BODENBACH,08:20,,0,,8 20,,customs,agree,sl-rfrkuf_394077458-19140001:p74:23:23-c7-12-r0-26:c7r14
FKB1914-SO.23.c8.r14,1,DRE-HBF,,07:10,,0,,7 10,,resolved,sl-rfrkuf_394077458-19140001:p74:23:23-c7-12-r0-26:c8r0
FKB1914-SO.23.c8.r14,2,BODENBACH,08:34,,0,,8 34,,customs,agree,sl-rfrkuf_394077458-19140001:p74:23:23-c7-12-r0-26:c8r14
FKB1914-SO.23.c8.r26,1,DRE-HBF,,07:10,,0,,7 10,,resolved,sl-rfrkuf_394077458-19140001:p74:23:23-c7-12-r0-26:c8r0
FKB1914-SO.23.c8.r26,2,TETSCHEN,08:35,,0,,8 35,,customs,agree,sl-rfrkuf_394077458-19140001:p74:23:23-c7-12-r0-26:c8r26
FKB1914-SO.23.c9,1,DRE-HBF,,07:53,,0,,7 53,,agree,sl-rfrkuf_394077458-19140001:p74:23:23-c7-12-r0-26:c9r0
FKB1914-SO.23.c9,2,TETSCHEN,09:19,,0,,9 19,,customs,agree,sl-rfrkuf_394077458-19140001:p74:23:23-c7-12-r0-26:c9r26
